<?xml version="1.0" encoding="UTF-8"?><rss version="2.0"
	xmlns:content="http://purl.org/rss/1.0/modules/content/"
	xmlns:wfw="http://wellformedweb.org/CommentAPI/"
	xmlns:dc="http://purl.org/dc/elements/1.1/"
	xmlns:atom="http://www.w3.org/2005/Atom"
	xmlns:sy="http://purl.org/rss/1.0/modules/syndication/"
	xmlns:slash="http://purl.org/rss/1.0/modules/slash/"
	xmlns:georss="http://www.georss.org/georss" >

<channel>
	<title>wrestling &#8211; StefanCarlton.net</title>
	<atom:link href="/blog/tag/wrestling/feed/" rel="self" type="application/rss+xml" />
	<link>/</link>
	<description>my little place on the web</description>
	<lastBuildDate>Sun, 27 Sep 2020 05:57:43 +0000</lastBuildDate>
	<language>en-US</language>
	<sy:updatePeriod>
	hourly	</sy:updatePeriod>
	<sy:updateFrequency>
	1	</sy:updateFrequency>
	<generator>https://wordpress.org/?v=6.2.2</generator>
	<item>
		<title>Cholitas Wrestling</title>
		<link>/blog/2011/05/29/cholitas-wrestling/</link>
		
		<dc:creator><![CDATA[Stefan]]></dc:creator>
		<pubDate>Sun, 29 May 2011 03:24:00 +0000</pubDate>
				<category><![CDATA[Bolivia]]></category>
		<category><![CDATA[Travel]]></category>
		<category><![CDATA[la paz]]></category>
		<category><![CDATA[sights]]></category>
		<category><![CDATA[wrestling]]></category>
		<guid isPermaLink="false">/?p=370</guid>

					<description><![CDATA[One of the things that people say you must go see in La Paz is the Cholitas wrestling. Rumours fly around that it is this weird mix of Mexican wrestling with midgets thrown in and that  it’s a brilliant night out. I’m not a fan of wrestling for the most part, but decided that I [&#8230;]]]></description>
		
		
		
		<georss:point>-16.4990101 -68.1462479</georss:point>	</item>
	</channel>
</rss>
