<?xml version="1.0" encoding="UTF-8"?><rss version="2.0"
	xmlns:content="http://purl.org/rss/1.0/modules/content/"
	xmlns:dc="http://purl.org/dc/elements/1.1/"
	xmlns:atom="http://www.w3.org/2005/Atom"
	xmlns:sy="http://purl.org/rss/1.0/modules/syndication/"
	xmlns:georss="http://www.georss.org/georss" 
	>
<channel>
	<title>
	Comments on: The start of the end	</title>
	<atom:link href="/blog/2012/03/31/the-start-of-the-end/feed/" rel="self" type="application/rss+xml" />
	<link>/blog/2012/03/31/the-start-of-the-end/</link>
	<description>my little place on the web</description>
	<lastBuildDate>Sun, 27 Sep 2020 05:57:31 +0000</lastBuildDate>
	<sy:updatePeriod>
	hourly	</sy:updatePeriod>
	<sy:updateFrequency>
	1	</sy:updateFrequency>
	<generator>https://wordpress.org/?v=6.2.2</generator>
	<item>
		<title>
		By: GawdBlimey_Shop		</title>
		<link>/blog/2012/03/31/the-start-of-the-end/#comment-329</link>

		<dc:creator><![CDATA[GawdBlimey_Shop]]></dc:creator>
		<pubDate>Sat, 31 Mar 2012 03:25:28 +0000</pubDate>
		<guid isPermaLink="false">/?p=1551#comment-329</guid>

					<description><![CDATA[Love it! A must-read:) RT @stefancarlton: My new #travel post: The start of the end (the one where I realise my future) http://t.co/BiB0oixT]]></description>
			<content:encoded><![CDATA[<p>Love it! A must-read:) RT @stefancarlton: My new #travel post: The start of the end (the one where I realise my future) <a href="http://t.co/BiB0oixT" rel="nofollow ugc">http://t.co/BiB0oixT</a></p>
]]></content:encoded>
		
			</item>
	</channel>
</rss>
