<?xml version="1.0" encoding="UTF-8"?><rss version="2.0"
	xmlns:content="http://purl.org/rss/1.0/modules/content/"
	xmlns:wfw="http://wellformedweb.org/CommentAPI/"
	xmlns:dc="http://purl.org/dc/elements/1.1/"
	xmlns:atom="http://www.w3.org/2005/Atom"
	xmlns:sy="http://purl.org/rss/1.0/modules/syndication/"
	xmlns:slash="http://purl.org/rss/1.0/modules/slash/"
	xmlns:georss="http://www.georss.org/georss" >

<channel>
	<title>Ecuador &#8211; StefanCarlton.net</title>
	<atom:link href="/blog/category/locations/south-america/ecuador/feed/" rel="self" type="application/rss+xml" />
	<link>/</link>
	<description>my little place on the web</description>
	<lastBuildDate>Sun, 27 Sep 2020 05:57:40 +0000</lastBuildDate>
	<language>en-US</language>
	<sy:updatePeriod>
	hourly	</sy:updatePeriod>
	<sy:updateFrequency>
	1	</sy:updateFrequency>
	<generator>https://wordpress.org/?v=6.2.2</generator>
	<item>
		<title>My last days in South America</title>
		<link>/blog/2011/08/20/my-last-days-in-south-america/</link>
		
		<dc:creator><![CDATA[Stefan]]></dc:creator>
		<pubDate>Sat, 20 Aug 2011 09:07:58 +0000</pubDate>
				<category><![CDATA[Ecuador]]></category>
		<category><![CDATA[Travel]]></category>
		<category><![CDATA[adventure]]></category>
		<category><![CDATA[butterflies]]></category>
		<guid isPermaLink="false">/?p=647</guid>

					<description><![CDATA[When travelling you always hear stories about places that are dangerous and where to be careful. Plenty of people make things sound much worse than they actually are but one such place is Quito. i heard so many stories of people getting robbed I decided to avoid it and stay two hours away in a [&#8230;]]]></description>
		
		
		
		<georss:point>-0.0487170 -78.7751999</georss:point>	</item>
		<item>
		<title>Hiking to Quilotoa crater</title>
		<link>/blog/2011/08/19/hiking-to-quilotoa-crater/</link>
		
		<dc:creator><![CDATA[Stefan]]></dc:creator>
		<pubDate>Fri, 19 Aug 2011 23:32:01 +0000</pubDate>
				<category><![CDATA[Ecuador]]></category>
		<category><![CDATA[Travel]]></category>
		<category><![CDATA[onPlaces]]></category>
		<guid isPermaLink="false">/?p=643</guid>

					<description><![CDATA[I arrived in Latacunga and wasn’t that impressed – as usual you arrive in the bad area of town which doesn’t really look that nice and then jumping in a taxi whose driver didn’t know where my hostel was didn’t really help either! Still, we got there and I chatted to the owner for a [&#8230;]]]></description>
		
		
		
		<georss:point>-0.8611930 -78.8972855</georss:point>	</item>
		<item>
		<title>On Baños</title>
		<link>/blog/2011/08/13/on-banos/</link>
		
		<dc:creator><![CDATA[Stefan]]></dc:creator>
		<pubDate>Sat, 13 Aug 2011 04:18:00 +0000</pubDate>
				<category><![CDATA[Ecuador]]></category>
		<category><![CDATA[Travel]]></category>
		<category><![CDATA[mountain bike]]></category>
		<category><![CDATA[onPlaces]]></category>
		<guid isPermaLink="false">/?p=633</guid>

					<description><![CDATA[After Cuenca Julia and I headed to Baños via Riobamba. Riobamba was the first place I’ve actually been scared. The people were intimidating, nosey and would come up to me, push me about&#8230; The bus company wouldn’t sell us a ticket. It was so horrible and I was so nervous that I tied my big [&#8230;]]]></description>
		
		
		
		<georss:point>-1.3963889 -78.4247208</georss:point>	</item>
		<item>
		<title>On Cuenca</title>
		<link>/blog/2011/08/09/on-cuenca/</link>
		
		<dc:creator><![CDATA[Stefan]]></dc:creator>
		<pubDate>Tue, 09 Aug 2011 17:19:06 +0000</pubDate>
				<category><![CDATA[Ecuador]]></category>
		<category><![CDATA[Travel]]></category>
		<category><![CDATA[onPlaces]]></category>
		<guid isPermaLink="false">/?p=630</guid>

					<description><![CDATA[After leaving the Galapagos I had two options, head up the coast to visit a whale watching area (the only water national park in Ecuador) or head inland to Cuenca. Julia proffered some advice pointing out that the coast would be similar to Guayaquil (horrible) and that her experience of the whale watching wasn’t any better than we had seen from the boat in the Galapagos. I decided to head inland to Cuenca.]]></description>
		
		
		
		<georss:point>-2.8966169 -79.0076218</georss:point>	</item>
		<item>
		<title>Smiling and Pointing at things in South America</title>
		<link>/blog/2011/08/04/smiling-and-pointing-at-things-in-south-america/</link>
		
		<dc:creator><![CDATA[Stefan]]></dc:creator>
		<pubDate>Thu, 04 Aug 2011 15:45:47 +0000</pubDate>
				<category><![CDATA[Bolivia]]></category>
		<category><![CDATA[Ecuador]]></category>
		<category><![CDATA[Peru]]></category>
		<category><![CDATA[Travel]]></category>
		<category><![CDATA[cusco]]></category>
		<category><![CDATA[Galapagos]]></category>
		<category><![CDATA[la paz]]></category>
		<category><![CDATA[lagoon]]></category>
		<category><![CDATA[Machu Picchu]]></category>
		<category><![CDATA[mountain bike]]></category>
		<category><![CDATA[rurrenbaque]]></category>
		<category><![CDATA[tupiza]]></category>
		<guid isPermaLink="false">/?p=608</guid>

					<description><![CDATA[My mother may have taught me that pointing at things is rude, but it hasn&#8217;t stopped me in South America. Here are my favourites&#8230;]]></description>
		
		
		
			</item>
		<item>
		<title>Galapagos &#8211; The Sublime</title>
		<link>/blog/2011/08/02/galapagos-the-sublime/</link>
		
		<dc:creator><![CDATA[Stefan]]></dc:creator>
		<pubDate>Tue, 02 Aug 2011 12:21:20 +0000</pubDate>
				<category><![CDATA[Ecuador]]></category>
		<category><![CDATA[Travel]]></category>
		<category><![CDATA[Boat trip]]></category>
		<category><![CDATA[Galapagos]]></category>
		<category><![CDATA[onPlaces]]></category>
		<guid isPermaLink="false">/?p=505</guid>

					<description><![CDATA[This is the second half of my Galapagos post,, a tale of why I think the islands are the most extraordinary place I’ve ever visited and why every time I think of my time there, I now smile. ]]></description>
		
		
		
		<georss:point>-0.8292784 -90.9820633</georss:point>	</item>
		<item>
		<title>Galapagos &#8211; The Ugly Side</title>
		<link>/blog/2011/08/02/galapagos-the-ugly-side/</link>
		
		<dc:creator><![CDATA[Stefan]]></dc:creator>
		<pubDate>Tue, 02 Aug 2011 11:33:55 +0000</pubDate>
				<category><![CDATA[Ecuador]]></category>
		<category><![CDATA[Travel]]></category>
		<category><![CDATA[Boat trip]]></category>
		<category><![CDATA[Galapagos]]></category>
		<category><![CDATA[onPlaces]]></category>
		<guid isPermaLink="false">/?p=503</guid>

					<description><![CDATA[This is the first half on my Galapagos blog post, explaining why the tour was a complete disaster and why I was in tears at one point. 

When I started my RTW trip I had no intentions of heading to the Galapagos as the costs were too high for my budget, but after deciding to abandon the Japanese Grand Prix (and possibly Japan altogether) and hearing all the wonderful stories of travellers who had come from the islands I decided to rejig finances and make the trip. ]]></description>
		
		
		
		<georss:point>-0.8292784 -90.9820633</georss:point>	</item>
	</channel>
</rss>
