<?xml version="1.0" encoding="UTF-8"?><rss version="2.0"
	xmlns:content="http://purl.org/rss/1.0/modules/content/"
	xmlns:dc="http://purl.org/dc/elements/1.1/"
	xmlns:atom="http://www.w3.org/2005/Atom"
	xmlns:sy="http://purl.org/rss/1.0/modules/syndication/"
	xmlns:georss="http://www.georss.org/georss" 
	>
<channel>
	<title>
	Comments on: Hire Car Problems	</title>
	<atom:link href="/blog/2011/10/30/hire-car-problems/feed/" rel="self" type="application/rss+xml" />
	<link>/blog/2011/10/30/hire-car-problems/</link>
	<description>my little place on the web</description>
	<lastBuildDate>Sun, 27 Sep 2020 05:57:37 +0000</lastBuildDate>
	<sy:updatePeriod>
	hourly	</sy:updatePeriod>
	<sy:updateFrequency>
	1	</sy:updateFrequency>
	<generator>https://wordpress.org/?v=6.2.2</generator>
	<item>
		<title>
		By: Lewis		</title>
		<link>/blog/2011/10/30/hire-car-problems/#comment-378</link>

		<dc:creator><![CDATA[Lewis]]></dc:creator>
		<pubDate>Wed, 23 May 2012 04:34:33 +0000</pubDate>
		<guid isPermaLink="false">/?p=850#comment-378</guid>

					<description><![CDATA[Nice review of the cars. I would think that the Charger is a bit more fun to drive and would be part of the American experience.]]></description>
			<content:encoded><![CDATA[<p>Nice review of the cars. I would think that the Charger is a bit more fun to drive and would be part of the American experience.</p>
]]></content:encoded>
		
			</item>
	</channel>
</rss>
