<?xml version="1.0" encoding="UTF-8"?><rss version="2.0"
	xmlns:content="http://purl.org/rss/1.0/modules/content/"
	xmlns:wfw="http://wellformedweb.org/CommentAPI/"
	xmlns:dc="http://purl.org/dc/elements/1.1/"
	xmlns:atom="http://www.w3.org/2005/Atom"
	xmlns:sy="http://purl.org/rss/1.0/modules/syndication/"
	xmlns:slash="http://purl.org/rss/1.0/modules/slash/"
	xmlns:georss="http://www.georss.org/georss" >

<channel>
	<title>Vietnam &#8211; StefanCarlton.net</title>
	<atom:link href="/blog/category/locations/south-east-asia/vietnam/feed/" rel="self" type="application/rss+xml" />
	<link>/</link>
	<description>my little place on the web</description>
	<lastBuildDate>Sun, 27 Sep 2020 05:57:33 +0000</lastBuildDate>
	<language>en-US</language>
	<sy:updatePeriod>
	hourly	</sy:updatePeriod>
	<sy:updateFrequency>
	1	</sy:updateFrequency>
	<generator>https://wordpress.org/?v=6.2.2</generator>
	<item>
		<title>Vietnam has a sizeable chip on it&#8217;s shoulder</title>
		<link>/blog/2012/02/07/vietnam-has-a-sizeable-chip-on-its-shoulder/</link>
		
		<dc:creator><![CDATA[Stefan]]></dc:creator>
		<pubDate>Tue, 07 Feb 2012 07:27:47 +0000</pubDate>
				<category><![CDATA[Travel]]></category>
		<category><![CDATA[Vietnam]]></category>
		<guid isPermaLink="false">/?p=1403</guid>

					<description><![CDATA[The way Vietnam portrays itself is baffling. Rich and poor share the same street. People are brainwashed and museums tell lies. It such a surreal place to experience!]]></description>
		
		
		
		<georss:point>10.7955370 106.7156982</georss:point>	</item>
		<item>
		<title>Vietnam has a tourism problem</title>
		<link>/blog/2012/02/07/vietnam-has-a-tourism-problem/</link>
		
		<dc:creator><![CDATA[Stefan]]></dc:creator>
		<pubDate>Tue, 07 Feb 2012 07:27:00 +0000</pubDate>
				<category><![CDATA[Travel]]></category>
		<category><![CDATA[Vietnam]]></category>
		<guid isPermaLink="false">/?p=1398</guid>

					<description><![CDATA[Vietnam is an odd ball. Part of me highly recommends some places, but overall I can’t say I enjoyed traveling there nor would suggest others come here. I’m still trying to work out what is wrong though!]]></description>
		
		
		
		<georss:point>10.7955370 106.7156982</georss:point>	</item>
		<item>
		<title>Ho Chi Minh City &#8211; it&#8217;s a little bit boring</title>
		<link>/blog/2012/02/05/ho-chi-minh-city/</link>
		
		<dc:creator><![CDATA[Stefan]]></dc:creator>
		<pubDate>Sun, 05 Feb 2012 07:23:00 +0000</pubDate>
				<category><![CDATA[Travel]]></category>
		<category><![CDATA[Vietnam]]></category>
		<guid isPermaLink="false">/?p=1429</guid>

					<description><![CDATA[My last destination in Vietnam was Ho Chi Minh City – it’s nothing special really. Not much to be said either.]]></description>
		
		
		
		<georss:point>10.7682123 106.6932220</georss:point>	</item>
		<item>
		<title>The Vietnamese beach haunt of Vung Tau</title>
		<link>/blog/2012/02/03/the-vietnamese-beach-haunt-of-vung-tau/</link>
		
		<dc:creator><![CDATA[Stefan]]></dc:creator>
		<pubDate>Fri, 03 Feb 2012 07:29:41 +0000</pubDate>
				<category><![CDATA[Travel]]></category>
		<category><![CDATA[Vietnam]]></category>
		<guid isPermaLink="false">/?p=1392</guid>

					<description><![CDATA[If Nha Trang and Mui Ne are the beach resort of choice for the Western Tourist, then Vung Tau is the place the Vietnamese go. It’s not the nicest beach, nor does it have great food, but it’s awesome all the same.]]></description>
		
		
		
		<georss:point>10.3332367 107.0900040</georss:point>	</item>
		<item>
		<title>Cu Chi Tunnels</title>
		<link>/blog/2012/01/30/cu-chi-tunnels/</link>
		
		<dc:creator><![CDATA[Stefan]]></dc:creator>
		<pubDate>Mon, 30 Jan 2012 07:01:44 +0000</pubDate>
				<category><![CDATA[Travel]]></category>
		<category><![CDATA[Vietnam]]></category>
		<guid isPermaLink="false">/?p=1386</guid>

					<description><![CDATA[A lot of tourism in Vietnam focuses on the Vietnam war, it’s hard to get away from and you are constantly reminded of it. Here, in Cu Chi, you get to see a little more of the VietCong lifestyle and be subjected to the propaganda machine in full flow.]]></description>
		
		
		
		<georss:point>10.9721918 106.4965439</georss:point>	</item>
		<item>
		<title>Mui Ne &#8211; just a kite surfing beach</title>
		<link>/blog/2012/01/28/mui-ne-just-a-kite-surfing-beach/</link>
		
		<dc:creator><![CDATA[Stefan]]></dc:creator>
		<pubDate>Sat, 28 Jan 2012 07:40:17 +0000</pubDate>
				<category><![CDATA[Travel]]></category>
		<category><![CDATA[Vietnam]]></category>
		<guid isPermaLink="false">/?p=1379</guid>

					<description><![CDATA[Mui Ne was next after Nha Trang and it was meant to be a better beach town, slightly less night-life, lots of things to see including amazing sand dunes. For me though it didn’t work out that way though.]]></description>
		
		
		
		<georss:point>10.9525928 108.2156448</georss:point>	</item>
		<item>
		<title>Nha Trang Mud baths</title>
		<link>/blog/2012/01/26/nha-trang-mud-baths/</link>
		
		<dc:creator><![CDATA[Stefan]]></dc:creator>
		<pubDate>Thu, 26 Jan 2012 07:26:37 +0000</pubDate>
				<category><![CDATA[Travel]]></category>
		<category><![CDATA[Vietnam]]></category>
		<guid isPermaLink="false">/?p=1368</guid>

					<description><![CDATA[Nha Trang is a party place on the Vietnamese coast, most of it’s draw is the sunny weather and the party atmosphere but this is lacking in the constant rain of the Winter – there is still fun to be had though!]]></description>
		
		
		
		<georss:point>12.2387915 109.1967468</georss:point>	</item>
		<item>
		<title>Another Party Cruise, Nha Trang</title>
		<link>/blog/2012/01/24/another-party-cruise-nha-trang/</link>
		
		<dc:creator><![CDATA[Stefan]]></dc:creator>
		<pubDate>Tue, 24 Jan 2012 00:36:13 +0000</pubDate>
				<category><![CDATA[Travel]]></category>
		<category><![CDATA[Vietnam]]></category>
		<guid isPermaLink="false">/?p=1362</guid>

					<description><![CDATA[This was a second attempt at the “party cruise”, the first having ended in disaster in Halong Bay. I have to say it was a complete success and everywhere the Halong Bay Cruise failed, the one in Nha Trang succeeded.]]></description>
		
		
		
		<georss:point>12.2387915 109.1967468</georss:point>	</item>
		<item>
		<title>Hoi An &#8211; Its all about the Cakes and Coffee</title>
		<link>/blog/2012/01/22/hoi-an-its-all-about-the-cakes-and-coffee/</link>
		
		<dc:creator><![CDATA[Stefan]]></dc:creator>
		<pubDate>Sun, 22 Jan 2012 03:53:20 +0000</pubDate>
				<category><![CDATA[Travel]]></category>
		<category><![CDATA[Vietnam]]></category>
		<guid isPermaLink="false">/?p=1357</guid>

					<description><![CDATA[After the horrendous stay in Hue, Hoi An was a breath of fresh air. The tourist lined streets, the respectful locals, the nice buildings, the relaxing atmosphere and the company of two great people. Hoi An was perfect.]]></description>
		
		
		
		<georss:point>15.8800583 108.3380432</georss:point>	</item>
		<item>
		<title>Huế is a terrible place to be</title>
		<link>/blog/2012/01/20/hu%e1%ba%bf-is-a-terrible-place-to-be/</link>
		
		<dc:creator><![CDATA[Stefan]]></dc:creator>
		<pubDate>Fri, 20 Jan 2012 05:19:32 +0000</pubDate>
				<category><![CDATA[Travel]]></category>
		<category><![CDATA[Vietnam]]></category>
		<guid isPermaLink="false">/?p=1352</guid>

					<description><![CDATA[Hue is a fairly historically important city in Vietnam acting as the capital at one point but also given it’s proximity to the North, South DMZ was home to one of the more important battles in the Vietnam War so it should be interesting. The problem is, it’s a horrid place and in my experience should be avoided at all costs.]]></description>
		
		
		
		<georss:point>16.4634609 107.5847015</georss:point>	</item>
	</channel>
</rss>
