<?xml version="1.0" encoding="UTF-8"?><rss version="2.0"
	xmlns:content="http://purl.org/rss/1.0/modules/content/"
	xmlns:wfw="http://wellformedweb.org/CommentAPI/"
	xmlns:dc="http://purl.org/dc/elements/1.1/"
	xmlns:atom="http://www.w3.org/2005/Atom"
	xmlns:sy="http://purl.org/rss/1.0/modules/syndication/"
	xmlns:slash="http://purl.org/rss/1.0/modules/slash/"
	xmlns:georss="http://www.georss.org/georss" >

<channel>
	<title>cinema &#8211; StefanCarlton.net</title>
	<atom:link href="/blog/tag/cinema/feed/" rel="self" type="application/rss+xml" />
	<link>/</link>
	<description>my little place on the web</description>
	<lastBuildDate>Sun, 27 Sep 2020 05:57:43 +0000</lastBuildDate>
	<language>en-US</language>
	<sy:updatePeriod>
	hourly	</sy:updatePeriod>
	<sy:updateFrequency>
	1	</sy:updateFrequency>
	<generator>https://wordpress.org/?v=6.2.2</generator>
	<item>
		<title>The differences to be found in La Paz</title>
		<link>/blog/2011/06/02/the-differences-to-be-found-in-la-paz/</link>
		
		<dc:creator><![CDATA[Stefan]]></dc:creator>
		<pubDate>Thu, 02 Jun 2011 23:05:12 +0000</pubDate>
				<category><![CDATA[Bolivia]]></category>
		<category><![CDATA[Travel]]></category>
		<category><![CDATA[cinema]]></category>
		<category><![CDATA[cities]]></category>
		<category><![CDATA[la paz]]></category>
		<category><![CDATA[market]]></category>
		<category><![CDATA[onPlaces]]></category>
		<guid isPermaLink="false">/?p=358</guid>

					<description><![CDATA[La Paz is the largest city in Bolivia and is the cultural capital (think Sydney and Canberra) and it is a very strange place indeed. It sits within a valley with building clinging to the sides and the river at the bottom of the canyon hidden away underneath the city. There isn’t really much to [&#8230;]]]></description>
		
		
		
		<georss:point>-16.4990101 -68.1462479</georss:point>	</item>
	</channel>
</rss>
