<?xml version="1.0" encoding="UTF-8"?><rss version="2.0"
	xmlns:content="http://purl.org/rss/1.0/modules/content/"
	xmlns:wfw="http://wellformedweb.org/CommentAPI/"
	xmlns:dc="http://purl.org/dc/elements/1.1/"
	xmlns:atom="http://www.w3.org/2005/Atom"
	xmlns:sy="http://purl.org/rss/1.0/modules/syndication/"
	xmlns:slash="http://purl.org/rss/1.0/modules/slash/"
	xmlns:georss="http://www.georss.org/georss" >

<channel>
	<title>Malaysia &#8211; StefanCarlton.net</title>
	<atom:link href="/blog/category/locations/south-east-asia/malaysia/feed/" rel="self" type="application/rss+xml" />
	<link>/</link>
	<description>my little place on the web</description>
	<lastBuildDate>Sun, 27 Sep 2020 05:57:34 +0000</lastBuildDate>
	<language>en-US</language>
	<sy:updatePeriod>
	hourly	</sy:updatePeriod>
	<sy:updateFrequency>
	1	</sy:updateFrequency>
	<generator>https://wordpress.org/?v=6.2.2</generator>
	<item>
		<title>A random fish temple and the chiselled rock in Batu Pahat, Malaysia</title>
		<link>/blog/2012/01/06/a-random-fish-temple-and-the-chiselled-rock-in-batu-pahat-malaysia/</link>
		
		<dc:creator><![CDATA[Stefan]]></dc:creator>
		<pubDate>Fri, 06 Jan 2012 07:26:06 +0000</pubDate>
				<category><![CDATA[Malaysia]]></category>
		<category><![CDATA[Travel]]></category>
		<guid isPermaLink="false">/?p=1264</guid>

					<description><![CDATA[Dave took me out to a temple to Good Fortune and the place where Batu Pahat gets it’s name from on the coast a little outside the town of Batu Pahat and it’s a very odd place. It’s very odd indeed. The fish is pretty big It’s a ginormous fish. It’s capable of biting your [&#8230;]]]></description>
		
		
		
		<georss:point>1.7939780 102.8960724</georss:point>	</item>
	</channel>
</rss>
