<?xml version="1.0" encoding="UTF-8"?><rss version="2.0"
	xmlns:content="http://purl.org/rss/1.0/modules/content/"
	xmlns:wfw="http://wellformedweb.org/CommentAPI/"
	xmlns:dc="http://purl.org/dc/elements/1.1/"
	xmlns:atom="http://www.w3.org/2005/Atom"
	xmlns:sy="http://purl.org/rss/1.0/modules/syndication/"
	xmlns:slash="http://purl.org/rss/1.0/modules/slash/"
	xmlns:georss="http://www.georss.org/georss" >

<channel>
	<title>horse &#8211; StefanCarlton.net</title>
	<atom:link href="/blog/tag/horse/feed/" rel="self" type="application/rss+xml" />
	<link>/</link>
	<description>my little place on the web</description>
	<lastBuildDate>Sun, 27 Sep 2020 05:57:43 +0000</lastBuildDate>
	<language>en-US</language>
	<sy:updatePeriod>
	hourly	</sy:updatePeriod>
	<sy:updateFrequency>
	1	</sy:updateFrequency>
	<generator>https://wordpress.org/?v=6.2.2</generator>
	<item>
		<title>Two day horse trek, Tupiza</title>
		<link>/blog/2011/06/07/two-day-horse-trek-tupiza/</link>
		
		<dc:creator><![CDATA[Stefan]]></dc:creator>
		<pubDate>Tue, 07 Jun 2011 18:02:16 +0000</pubDate>
				<category><![CDATA[Bolivia]]></category>
		<category><![CDATA[Travel]]></category>
		<category><![CDATA[horse]]></category>
		<category><![CDATA[tour]]></category>
		<category><![CDATA[tupiza]]></category>
		<guid isPermaLink="false">/?p=387</guid>

					<description><![CDATA[It all started out well with the trip costing B$400 (~£37) with a reputable company and I left at 10am with one other person. The other person on the trip, a Dutch girl called Theresa, spoke Spanish and English so away we went walking to the stables. The horses were well looked after and didn’t [&#8230;]]]></description>
		
		
		
		<georss:point>-21.4359722 -65.7191849</georss:point>	</item>
	</channel>
</rss>
