<?xml version="1.0" encoding="UTF-8"?><rss version="2.0"
	xmlns:content="http://purl.org/rss/1.0/modules/content/"
	xmlns:wfw="http://wellformedweb.org/CommentAPI/"
	xmlns:dc="http://purl.org/dc/elements/1.1/"
	xmlns:atom="http://www.w3.org/2005/Atom"
	xmlns:sy="http://purl.org/rss/1.0/modules/syndication/"
	xmlns:slash="http://purl.org/rss/1.0/modules/slash/"
	xmlns:georss="http://www.georss.org/georss" >

<channel>
	<title>Bolivia &#8211; StefanCarlton.net</title>
	<atom:link href="/blog/tag/bolivia/feed/" rel="self" type="application/rss+xml" />
	<link>/</link>
	<description>my little place on the web</description>
	<lastBuildDate>Sun, 27 Sep 2020 05:57:43 +0000</lastBuildDate>
	<language>en-US</language>
	<sy:updatePeriod>
	hourly	</sy:updatePeriod>
	<sy:updateFrequency>
	1	</sy:updateFrequency>
	<generator>https://wordpress.org/?v=6.2.2</generator>
	<item>
		<title>Smiling and Pointing at things in South America</title>
		<link>/blog/2011/08/04/smiling-and-pointing-at-things-in-south-america/</link>
		
		<dc:creator><![CDATA[Stefan]]></dc:creator>
		<pubDate>Thu, 04 Aug 2011 15:45:47 +0000</pubDate>
				<category><![CDATA[Bolivia]]></category>
		<category><![CDATA[Ecuador]]></category>
		<category><![CDATA[Peru]]></category>
		<category><![CDATA[Travel]]></category>
		<category><![CDATA[cusco]]></category>
		<category><![CDATA[Galapagos]]></category>
		<category><![CDATA[la paz]]></category>
		<category><![CDATA[lagoon]]></category>
		<category><![CDATA[Machu Picchu]]></category>
		<category><![CDATA[mountain bike]]></category>
		<category><![CDATA[rurrenbaque]]></category>
		<category><![CDATA[tupiza]]></category>
		<guid isPermaLink="false">/?p=608</guid>

					<description><![CDATA[My mother may have taught me that pointing at things is rude, but it hasn&#8217;t stopped me in South America. Here are my favourites&#8230;]]></description>
		
		
		
			</item>
		<item>
		<title>Tiwanaku Winter Solstice</title>
		<link>/blog/2011/07/03/tiwanaku-winter-solstice/</link>
		
		<dc:creator><![CDATA[Stefan]]></dc:creator>
		<pubDate>Sun, 03 Jul 2011 23:41:00 +0000</pubDate>
				<category><![CDATA[Bolivia]]></category>
		<category><![CDATA[Travel]]></category>
		<category><![CDATA[la paz]]></category>
		<category><![CDATA[sights]]></category>
		<category><![CDATA[Tiwanaku]]></category>
		<category><![CDATA[winter solstice]]></category>
		<guid isPermaLink="false">/?p=456</guid>

					<description><![CDATA[Winter Solstice (21st July) is a big thing in Latin America, for them it represents the change in season and thus the time to reap or sow the crop. As a result, many of the ancient temples are designed so that elements light up with the sunrise on the specific days (think Stonehenge in the [&#8230;]]]></description>
		
		
		
		<georss:point>-16.5519905 -68.6788177</georss:point>	</item>
		<item>
		<title>Rurrenbaque Pampas tour</title>
		<link>/blog/2011/06/30/rurrenbaque-pampas-tour/</link>
		
		<dc:creator><![CDATA[Stefan]]></dc:creator>
		<pubDate>Thu, 30 Jun 2011 23:58:00 +0000</pubDate>
				<category><![CDATA[Bolivia]]></category>
		<category><![CDATA[Travel]]></category>
		<category><![CDATA[jungle]]></category>
		<category><![CDATA[pampas]]></category>
		<category><![CDATA[rurrenbaque]]></category>
		<guid isPermaLink="false">/?p=416</guid>

					<description><![CDATA[The saying goes, when one door closes, another opens. Travelling is helping confirm this to be true. In Sucre I met a lovely Dutch couple whom I planned to meet in La Paz for a trip into Rurrenbaque, we conversed via Facebook and I was going to get myself onto the same tour as them [&#8230;]]]></description>
		
		
		
		<georss:point>-14.4422226 -67.5283356</georss:point>	</item>
		<item>
		<title>On Sucre</title>
		<link>/blog/2011/06/26/on-sucre/</link>
		
		<dc:creator><![CDATA[Stefan]]></dc:creator>
		<pubDate>Sun, 26 Jun 2011 23:13:56 +0000</pubDate>
				<category><![CDATA[Bolivia]]></category>
		<category><![CDATA[Travel]]></category>
		<category><![CDATA[cities]]></category>
		<category><![CDATA[onPlaces]]></category>
		<category><![CDATA[sucre]]></category>
		<guid isPermaLink="false">/?p=423</guid>

					<description><![CDATA[My arrival in Sucre from Tupiza on Wednesday was ominous – the night bus there was a dreadful experience, my stomach was dodgy and the weather was abysmal. Tired, I went straight to a hostel recommended by the Lonely Planet and slept for a short while before venturing out for food and Internet. The first [&#8230;]]]></description>
		
		
		
			</item>
		<item>
		<title>Learning Spanish in Sucre</title>
		<link>/blog/2011/06/21/learning-spanish-in-sucre/</link>
		
		<dc:creator><![CDATA[Stefan]]></dc:creator>
		<pubDate>Tue, 21 Jun 2011 23:35:00 +0000</pubDate>
				<category><![CDATA[Bolivia]]></category>
		<category><![CDATA[Travel]]></category>
		<category><![CDATA[cities]]></category>
		<category><![CDATA[learning spanish]]></category>
		<category><![CDATA[onPlaces]]></category>
		<category><![CDATA[sucre]]></category>
		<guid isPermaLink="false">/?p=410</guid>

					<description><![CDATA[Before I had bought tickets for my travels I decided that I needed to learn some Spanish in order to not be completely lost when I arrived in South America. I started my lessons with Esther in Gateshead and studied, one lesson a week, for 90minutes. Given I only had three months available I was [&#8230;]]]></description>
		
		
		
		<georss:point>-19.0421391 -65.2558823</georss:point>	</item>
		<item>
		<title>Trek to Dinosaur footprints via Maragua</title>
		<link>/blog/2011/06/18/trek-to-dinosaur-footprints-via-maragua/</link>
		
		<dc:creator><![CDATA[Stefan]]></dc:creator>
		<pubDate>Sat, 18 Jun 2011 23:11:00 +0000</pubDate>
				<category><![CDATA[Bolivia]]></category>
		<category><![CDATA[Travel]]></category>
		<category><![CDATA[dinosaur]]></category>
		<category><![CDATA[sights]]></category>
		<category><![CDATA[sucre]]></category>
		<guid isPermaLink="false">/?p=406</guid>

					<description><![CDATA[Whilst researching Sucre, there were three things I wanted to do – take a Spanish course, see the dinosaur footprints and pop up to the Meteor crater. Whilst visiting Tarabuco a new fiend, Kelly, mentioned that she was embarking on a trek the following day with some friends to visit the crater and some dinosaur [&#8230;]]]></description>
		
		
		
		<georss:point>-18.9572697 -65.7775269</georss:point>	</item>
		<item>
		<title>Tarabuco market</title>
		<link>/blog/2011/06/14/tarabuco-market/</link>
		
		<dc:creator><![CDATA[Stefan]]></dc:creator>
		<pubDate>Tue, 14 Jun 2011 23:27:18 +0000</pubDate>
				<category><![CDATA[Bolivia]]></category>
		<category><![CDATA[Travel]]></category>
		<category><![CDATA[market]]></category>
		<category><![CDATA[onPlaces]]></category>
		<category><![CDATA[sights]]></category>
		<guid isPermaLink="false">/?p=395</guid>

					<description><![CDATA[On Sunday’s there is a large market in Tarabuco, about 60km outside of Sucre. It’s mostly a tourist trap with many of the stalls selling the traditional chinz that no local would buy, but it’s worth a looksee given that the return bus is B$30 and it leaves directly outside my hostel. In the morning [&#8230;]]]></description>
		
		
		
		<georss:point>-19.1762600 -64.9166565</georss:point>	</item>
		<item>
		<title>On Tupiza</title>
		<link>/blog/2011/06/09/on-tupiza/</link>
		
		<dc:creator><![CDATA[Stefan]]></dc:creator>
		<pubDate>Thu, 09 Jun 2011 23:57:00 +0000</pubDate>
				<category><![CDATA[Bolivia]]></category>
		<category><![CDATA[Travel]]></category>
		<category><![CDATA[cities]]></category>
		<category><![CDATA[onPlaces]]></category>
		<category><![CDATA[tupiza]]></category>
		<guid isPermaLink="false">/?p=380</guid>

					<description><![CDATA[I’ve been travelling about a month now and out of all the places I’ve visited (Cusco, Puno, Copacabana, La Paz and Uyini/Southern Circuit) Tupiza has to be my favourite. The scenery is simply stunning and when walking outside of town I can’t help but feel I’m in a Clint Eastwood Western. The mountains are a [&#8230;]]]></description>
		
		
		
		<georss:point>-21.4359722 -65.7191849</georss:point>	</item>
		<item>
		<title>Two day horse trek, Tupiza</title>
		<link>/blog/2011/06/07/two-day-horse-trek-tupiza/</link>
		
		<dc:creator><![CDATA[Stefan]]></dc:creator>
		<pubDate>Tue, 07 Jun 2011 18:02:16 +0000</pubDate>
				<category><![CDATA[Bolivia]]></category>
		<category><![CDATA[Travel]]></category>
		<category><![CDATA[horse]]></category>
		<category><![CDATA[tour]]></category>
		<category><![CDATA[tupiza]]></category>
		<guid isPermaLink="false">/?p=387</guid>

					<description><![CDATA[It all started out well with the trip costing B$400 (~£37) with a reputable company and I left at 10am with one other person. The other person on the trip, a Dutch girl called Theresa, spoke Spanish and English so away we went walking to the stables. The horses were well looked after and didn’t [&#8230;]]]></description>
		
		
		
		<georss:point>-21.4359722 -65.7191849</georss:point>	</item>
		<item>
		<title>Bolivia Southern Circuit, not according to the manual</title>
		<link>/blog/2011/06/04/bolivia-southern-circuit-not-according-to-the-manual/</link>
		
		<dc:creator><![CDATA[Stefan]]></dc:creator>
		<pubDate>Sat, 04 Jun 2011 03:50:00 +0000</pubDate>
				<category><![CDATA[Bolivia]]></category>
		<category><![CDATA[Travel]]></category>
		<category><![CDATA[crash]]></category>
		<category><![CDATA[drunk driver]]></category>
		<category><![CDATA[lagoon]]></category>
		<category><![CDATA[salar]]></category>
		<category><![CDATA[salt flats]]></category>
		<category><![CDATA[tour]]></category>
		<category><![CDATA[uyini]]></category>
		<guid isPermaLink="false">/?p=378</guid>

					<description><![CDATA[I’ve mentioned before, but plans do change very quickly whilst travelling. Whilst in La Paz I decided to head to Sucre stay there for a little while before heading for Tupiza and the 4 day Southern tour out of Tupiza – I had even bought my ticket for B$130 (~£12), however I met back up [&#8230;]]]></description>
		
		
		
		<georss:point>-20.4990635 -66.8353271</georss:point>	</item>
	</channel>
</rss>
