<?xml version="1.0" encoding="UTF-8"?><rss version="2.0"
	xmlns:content="http://purl.org/rss/1.0/modules/content/"
	xmlns:dc="http://purl.org/dc/elements/1.1/"
	xmlns:atom="http://www.w3.org/2005/Atom"
	xmlns:sy="http://purl.org/rss/1.0/modules/syndication/"
	xmlns:georss="http://www.georss.org/georss" 
	>
<channel>
	<title>
	Comments on: Travelling, it&#8217;s all about endurance	</title>
	<atom:link href="/blog/2011/06/12/travelling-its-all-about-endurance/feed/" rel="self" type="application/rss+xml" />
	<link>/blog/2011/06/12/travelling-its-all-about-endurance/</link>
	<description>my little place on the web</description>
	<lastBuildDate>Sun, 27 Sep 2020 05:57:42 +0000</lastBuildDate>
	<sy:updatePeriod>
	hourly	</sy:updatePeriod>
	<sy:updateFrequency>
	1	</sy:updateFrequency>
	<generator>https://wordpress.org/?v=6.2.2</generator>
	<item>
		<title>
		By: Lilian Carlton		</title>
		<link>/blog/2011/06/12/travelling-its-all-about-endurance/#comment-12</link>

		<dc:creator><![CDATA[Lilian Carlton]]></dc:creator>
		<pubDate>Mon, 13 Jun 2011 09:17:40 +0000</pubDate>
		<guid isPermaLink="false">/?p=390#comment-12</guid>

					<description><![CDATA[So jealous, but I never would be able to stand the pace, think you are doing brilliantly.
Take Care and enjoy X]]></description>
			<content:encoded><![CDATA[<p>So jealous, but I never would be able to stand the pace, think you are doing brilliantly.<br />
Take Care and enjoy X</p>
]]></content:encoded>
		
			</item>
	</channel>
</rss>
