<?xml version="1.0" encoding="UTF-8"?><rss version="2.0"
	xmlns:content="http://purl.org/rss/1.0/modules/content/"
	xmlns:wfw="http://wellformedweb.org/CommentAPI/"
	xmlns:dc="http://purl.org/dc/elements/1.1/"
	xmlns:atom="http://www.w3.org/2005/Atom"
	xmlns:sy="http://purl.org/rss/1.0/modules/syndication/"
	xmlns:slash="http://purl.org/rss/1.0/modules/slash/"
	xmlns:georss="http://www.georss.org/georss" >

<channel>
	<title>onPlaces &#8211; StefanCarlton.net</title>
	<atom:link href="/blog/tag/onplaces/feed/" rel="self" type="application/rss+xml" />
	<link>/</link>
	<description>my little place on the web</description>
	<lastBuildDate>Sun, 27 Sep 2020 05:57:42 +0000</lastBuildDate>
	<language>en-US</language>
	<sy:updatePeriod>
	hourly	</sy:updatePeriod>
	<sy:updateFrequency>
	1	</sy:updateFrequency>
	<generator>https://wordpress.org/?v=6.2.2</generator>
	<item>
		<title>Hiking to Quilotoa crater</title>
		<link>/blog/2011/08/19/hiking-to-quilotoa-crater/</link>
		
		<dc:creator><![CDATA[Stefan]]></dc:creator>
		<pubDate>Fri, 19 Aug 2011 23:32:01 +0000</pubDate>
				<category><![CDATA[Ecuador]]></category>
		<category><![CDATA[Travel]]></category>
		<category><![CDATA[onPlaces]]></category>
		<guid isPermaLink="false">/?p=643</guid>

					<description><![CDATA[I arrived in Latacunga and wasn’t that impressed – as usual you arrive in the bad area of town which doesn’t really look that nice and then jumping in a taxi whose driver didn’t know where my hostel was didn’t really help either! Still, we got there and I chatted to the owner for a [&#8230;]]]></description>
		
		
		
		<georss:point>-0.8611930 -78.8972855</georss:point>	</item>
		<item>
		<title>On Baños</title>
		<link>/blog/2011/08/13/on-banos/</link>
		
		<dc:creator><![CDATA[Stefan]]></dc:creator>
		<pubDate>Sat, 13 Aug 2011 04:18:00 +0000</pubDate>
				<category><![CDATA[Ecuador]]></category>
		<category><![CDATA[Travel]]></category>
		<category><![CDATA[mountain bike]]></category>
		<category><![CDATA[onPlaces]]></category>
		<guid isPermaLink="false">/?p=633</guid>

					<description><![CDATA[After Cuenca Julia and I headed to Baños via Riobamba. Riobamba was the first place I’ve actually been scared. The people were intimidating, nosey and would come up to me, push me about&#8230; The bus company wouldn’t sell us a ticket. It was so horrible and I was so nervous that I tied my big [&#8230;]]]></description>
		
		
		
		<georss:point>-1.3963889 -78.4247208</georss:point>	</item>
		<item>
		<title>On Cuenca</title>
		<link>/blog/2011/08/09/on-cuenca/</link>
		
		<dc:creator><![CDATA[Stefan]]></dc:creator>
		<pubDate>Tue, 09 Aug 2011 17:19:06 +0000</pubDate>
				<category><![CDATA[Ecuador]]></category>
		<category><![CDATA[Travel]]></category>
		<category><![CDATA[onPlaces]]></category>
		<guid isPermaLink="false">/?p=630</guid>

					<description><![CDATA[After leaving the Galapagos I had two options, head up the coast to visit a whale watching area (the only water national park in Ecuador) or head inland to Cuenca. Julia proffered some advice pointing out that the coast would be similar to Guayaquil (horrible) and that her experience of the whale watching wasn’t any better than we had seen from the boat in the Galapagos. I decided to head inland to Cuenca.]]></description>
		
		
		
		<georss:point>-2.8966169 -79.0076218</georss:point>	</item>
		<item>
		<title>Galapagos &#8211; The Sublime</title>
		<link>/blog/2011/08/02/galapagos-the-sublime/</link>
		
		<dc:creator><![CDATA[Stefan]]></dc:creator>
		<pubDate>Tue, 02 Aug 2011 12:21:20 +0000</pubDate>
				<category><![CDATA[Ecuador]]></category>
		<category><![CDATA[Travel]]></category>
		<category><![CDATA[Boat trip]]></category>
		<category><![CDATA[Galapagos]]></category>
		<category><![CDATA[onPlaces]]></category>
		<guid isPermaLink="false">/?p=505</guid>

					<description><![CDATA[This is the second half of my Galapagos post,, a tale of why I think the islands are the most extraordinary place I’ve ever visited and why every time I think of my time there, I now smile. ]]></description>
		
		
		
		<georss:point>-0.8292784 -90.9820633</georss:point>	</item>
		<item>
		<title>Galapagos &#8211; The Ugly Side</title>
		<link>/blog/2011/08/02/galapagos-the-ugly-side/</link>
		
		<dc:creator><![CDATA[Stefan]]></dc:creator>
		<pubDate>Tue, 02 Aug 2011 11:33:55 +0000</pubDate>
				<category><![CDATA[Ecuador]]></category>
		<category><![CDATA[Travel]]></category>
		<category><![CDATA[Boat trip]]></category>
		<category><![CDATA[Galapagos]]></category>
		<category><![CDATA[onPlaces]]></category>
		<guid isPermaLink="false">/?p=503</guid>

					<description><![CDATA[This is the first half on my Galapagos blog post, explaining why the tour was a complete disaster and why I was in tears at one point. 

When I started my RTW trip I had no intentions of heading to the Galapagos as the costs were too high for my budget, but after deciding to abandon the Japanese Grand Prix (and possibly Japan altogether) and hearing all the wonderful stories of travellers who had come from the islands I decided to rejig finances and make the trip. ]]></description>
		
		
		
		<georss:point>-0.8292784 -90.9820633</georss:point>	</item>
		<item>
		<title>On Northern Peru</title>
		<link>/blog/2011/07/25/on-northern-peru/</link>
		
		<dc:creator><![CDATA[Stefan]]></dc:creator>
		<pubDate>Mon, 25 Jul 2011 23:16:00 +0000</pubDate>
				<category><![CDATA[Peru]]></category>
		<category><![CDATA[Travel]]></category>
		<category><![CDATA[mountain bike]]></category>
		<category><![CDATA[onPlaces]]></category>
		<category><![CDATA[scammed]]></category>
		<guid isPermaLink="false">/?p=475</guid>

					<description><![CDATA[After leaving Lima, I motored through Northern Peru staying at most one day in each location, it seemed daft therefore to dedicate a post to each place. Here is a round-up of my travels through Northern Peru… Huaraz My first stop after leaving Lima was the trekker’s haven in the Cordillera’s for a spot of [&#8230;]]]></description>
		
		
		
		<georss:point>-4.0999999 -81.0500031</georss:point>	</item>
		<item>
		<title>On Lima</title>
		<link>/blog/2011/07/20/on-lima/</link>
		
		<dc:creator><![CDATA[Stefan]]></dc:creator>
		<pubDate>Wed, 20 Jul 2011 23:39:09 +0000</pubDate>
				<category><![CDATA[Peru]]></category>
		<category><![CDATA[Travel]]></category>
		<category><![CDATA[Lima]]></category>
		<category><![CDATA[onPlaces]]></category>
		<guid isPermaLink="false">/?p=476</guid>

					<description><![CDATA[Getting out of Bolivia was a swine. I waited, waited, and then waited some more for the border to open before eventually deciding to simply fly out. Turns out even flying out was a nightmare as the LAN.com website refused to work for me refusing to dispense a ticket but happily charging me three times. [&#8230;]]]></description>
		
		
		
		<georss:point>-12.0433331 -77.0283356</georss:point>	</item>
		<item>
		<title>On Sucre</title>
		<link>/blog/2011/06/26/on-sucre/</link>
		
		<dc:creator><![CDATA[Stefan]]></dc:creator>
		<pubDate>Sun, 26 Jun 2011 23:13:56 +0000</pubDate>
				<category><![CDATA[Bolivia]]></category>
		<category><![CDATA[Travel]]></category>
		<category><![CDATA[cities]]></category>
		<category><![CDATA[onPlaces]]></category>
		<category><![CDATA[sucre]]></category>
		<guid isPermaLink="false">/?p=423</guid>

					<description><![CDATA[My arrival in Sucre from Tupiza on Wednesday was ominous – the night bus there was a dreadful experience, my stomach was dodgy and the weather was abysmal. Tired, I went straight to a hostel recommended by the Lonely Planet and slept for a short while before venturing out for food and Internet. The first [&#8230;]]]></description>
		
		
		
			</item>
		<item>
		<title>Learning Spanish in Sucre</title>
		<link>/blog/2011/06/21/learning-spanish-in-sucre/</link>
		
		<dc:creator><![CDATA[Stefan]]></dc:creator>
		<pubDate>Tue, 21 Jun 2011 23:35:00 +0000</pubDate>
				<category><![CDATA[Bolivia]]></category>
		<category><![CDATA[Travel]]></category>
		<category><![CDATA[cities]]></category>
		<category><![CDATA[learning spanish]]></category>
		<category><![CDATA[onPlaces]]></category>
		<category><![CDATA[sucre]]></category>
		<guid isPermaLink="false">/?p=410</guid>

					<description><![CDATA[Before I had bought tickets for my travels I decided that I needed to learn some Spanish in order to not be completely lost when I arrived in South America. I started my lessons with Esther in Gateshead and studied, one lesson a week, for 90minutes. Given I only had three months available I was [&#8230;]]]></description>
		
		
		
		<georss:point>-19.0421391 -65.2558823</georss:point>	</item>
		<item>
		<title>Tarabuco market</title>
		<link>/blog/2011/06/14/tarabuco-market/</link>
		
		<dc:creator><![CDATA[Stefan]]></dc:creator>
		<pubDate>Tue, 14 Jun 2011 23:27:18 +0000</pubDate>
				<category><![CDATA[Bolivia]]></category>
		<category><![CDATA[Travel]]></category>
		<category><![CDATA[market]]></category>
		<category><![CDATA[onPlaces]]></category>
		<category><![CDATA[sights]]></category>
		<guid isPermaLink="false">/?p=395</guid>

					<description><![CDATA[On Sunday’s there is a large market in Tarabuco, about 60km outside of Sucre. It’s mostly a tourist trap with many of the stalls selling the traditional chinz that no local would buy, but it’s worth a looksee given that the return bus is B$30 and it leaves directly outside my hostel. In the morning [&#8230;]]]></description>
		
		
		
		<georss:point>-19.1762600 -64.9166565</georss:point>	</item>
	</channel>
</rss>
