<?xml version="1.0" encoding="UTF-8"?><rss version="2.0"
	xmlns:content="http://purl.org/rss/1.0/modules/content/"
	xmlns:wfw="http://wellformedweb.org/CommentAPI/"
	xmlns:dc="http://purl.org/dc/elements/1.1/"
	xmlns:atom="http://www.w3.org/2005/Atom"
	xmlns:sy="http://purl.org/rss/1.0/modules/syndication/"
	xmlns:slash="http://purl.org/rss/1.0/modules/slash/"
	xmlns:georss="http://www.georss.org/georss" >

<channel>
	<title>cities &#8211; StefanCarlton.net</title>
	<atom:link href="/blog/tag/cities/feed/" rel="self" type="application/rss+xml" />
	<link>/</link>
	<description>my little place on the web</description>
	<lastBuildDate>Sun, 27 Sep 2020 05:57:44 +0000</lastBuildDate>
	<language>en-US</language>
	<sy:updatePeriod>
	hourly	</sy:updatePeriod>
	<sy:updateFrequency>
	1	</sy:updateFrequency>
	<generator>https://wordpress.org/?v=6.2.2</generator>
	<item>
		<title>On Sucre</title>
		<link>/blog/2011/06/26/on-sucre/</link>
		
		<dc:creator><![CDATA[Stefan]]></dc:creator>
		<pubDate>Sun, 26 Jun 2011 23:13:56 +0000</pubDate>
				<category><![CDATA[Bolivia]]></category>
		<category><![CDATA[Travel]]></category>
		<category><![CDATA[cities]]></category>
		<category><![CDATA[onPlaces]]></category>
		<category><![CDATA[sucre]]></category>
		<guid isPermaLink="false">/?p=423</guid>

					<description><![CDATA[My arrival in Sucre from Tupiza on Wednesday was ominous – the night bus there was a dreadful experience, my stomach was dodgy and the weather was abysmal. Tired, I went straight to a hostel recommended by the Lonely Planet and slept for a short while before venturing out for food and Internet. The first [&#8230;]]]></description>
		
		
		
			</item>
		<item>
		<title>Learning Spanish in Sucre</title>
		<link>/blog/2011/06/21/learning-spanish-in-sucre/</link>
		
		<dc:creator><![CDATA[Stefan]]></dc:creator>
		<pubDate>Tue, 21 Jun 2011 23:35:00 +0000</pubDate>
				<category><![CDATA[Bolivia]]></category>
		<category><![CDATA[Travel]]></category>
		<category><![CDATA[cities]]></category>
		<category><![CDATA[learning spanish]]></category>
		<category><![CDATA[onPlaces]]></category>
		<category><![CDATA[sucre]]></category>
		<guid isPermaLink="false">/?p=410</guid>

					<description><![CDATA[Before I had bought tickets for my travels I decided that I needed to learn some Spanish in order to not be completely lost when I arrived in South America. I started my lessons with Esther in Gateshead and studied, one lesson a week, for 90minutes. Given I only had three months available I was [&#8230;]]]></description>
		
		
		
		<georss:point>-19.0421391 -65.2558823</georss:point>	</item>
		<item>
		<title>On Tupiza</title>
		<link>/blog/2011/06/09/on-tupiza/</link>
		
		<dc:creator><![CDATA[Stefan]]></dc:creator>
		<pubDate>Thu, 09 Jun 2011 23:57:00 +0000</pubDate>
				<category><![CDATA[Bolivia]]></category>
		<category><![CDATA[Travel]]></category>
		<category><![CDATA[cities]]></category>
		<category><![CDATA[onPlaces]]></category>
		<category><![CDATA[tupiza]]></category>
		<guid isPermaLink="false">/?p=380</guid>

					<description><![CDATA[I’ve been travelling about a month now and out of all the places I’ve visited (Cusco, Puno, Copacabana, La Paz and Uyini/Southern Circuit) Tupiza has to be my favourite. The scenery is simply stunning and when walking outside of town I can’t help but feel I’m in a Clint Eastwood Western. The mountains are a [&#8230;]]]></description>
		
		
		
		<georss:point>-21.4359722 -65.7191849</georss:point>	</item>
		<item>
		<title>The differences to be found in La Paz</title>
		<link>/blog/2011/06/02/the-differences-to-be-found-in-la-paz/</link>
		
		<dc:creator><![CDATA[Stefan]]></dc:creator>
		<pubDate>Thu, 02 Jun 2011 23:05:12 +0000</pubDate>
				<category><![CDATA[Bolivia]]></category>
		<category><![CDATA[Travel]]></category>
		<category><![CDATA[cinema]]></category>
		<category><![CDATA[cities]]></category>
		<category><![CDATA[la paz]]></category>
		<category><![CDATA[market]]></category>
		<category><![CDATA[onPlaces]]></category>
		<guid isPermaLink="false">/?p=358</guid>

					<description><![CDATA[La Paz is the largest city in Bolivia and is the cultural capital (think Sydney and Canberra) and it is a very strange place indeed. It sits within a valley with building clinging to the sides and the river at the bottom of the canyon hidden away underneath the city. There isn’t really much to [&#8230;]]]></description>
		
		
		
		<georss:point>-16.4990101 -68.1462479</georss:point>	</item>
		<item>
		<title>On Cusco</title>
		<link>/blog/2011/05/14/on-cusco/</link>
		
		<dc:creator><![CDATA[Stefan]]></dc:creator>
		<pubDate>Sat, 14 May 2011 19:45:52 +0000</pubDate>
				<category><![CDATA[Peru]]></category>
		<category><![CDATA[Travel]]></category>
		<category><![CDATA[cities]]></category>
		<category><![CDATA[cusco]]></category>
		<category><![CDATA[onPlaces]]></category>
		<guid isPermaLink="false">/?p=312</guid>

					<description><![CDATA[Is it Cusco or Cuzco? The two seem interchangeable and I’m not quite sure which is right. I’m  going for Cusco. Cusco is a strange place. It’s full of tourists and the main areas are clearly geared up to catering for them with expensive restaurants, Irish bars, Western Cuisine, McDonalds and shortly a Starbucks. Step [&#8230;]]]></description>
		
		
		
		<georss:point>-13.5249996 -71.9722214</georss:point>	</item>
	</channel>
</rss>
