<?xml version="1.0" encoding="UTF-8"?><rss version="2.0"
	xmlns:content="http://purl.org/rss/1.0/modules/content/"
	xmlns:wfw="http://wellformedweb.org/CommentAPI/"
	xmlns:dc="http://purl.org/dc/elements/1.1/"
	xmlns:atom="http://www.w3.org/2005/Atom"
	xmlns:sy="http://purl.org/rss/1.0/modules/syndication/"
	xmlns:slash="http://purl.org/rss/1.0/modules/slash/"
	xmlns:georss="http://www.georss.org/georss" >

<channel>
	<title>Singapore &#8211; StefanCarlton.net</title>
	<atom:link href="/blog/category/locations/south-east-asia/singapore/feed/" rel="self" type="application/rss+xml" />
	<link>/</link>
	<description>my little place on the web</description>
	<lastBuildDate>Sun, 27 Sep 2020 05:57:36 +0000</lastBuildDate>
	<language>en-US</language>
	<sy:updatePeriod>
	hourly	</sy:updatePeriod>
	<sy:updateFrequency>
	1	</sy:updateFrequency>
	<generator>https://wordpress.org/?v=6.2.2</generator>
	<item>
		<title>Finishing off in South East Asia</title>
		<link>/blog/2012/03/25/finishing-off-in-south-east-asia/</link>
		
		<dc:creator><![CDATA[Stefan]]></dc:creator>
		<pubDate>Sun, 25 Mar 2012 00:21:24 +0000</pubDate>
				<category><![CDATA[Cambodia]]></category>
		<category><![CDATA[Singapore]]></category>
		<category><![CDATA[Thailand]]></category>
		<category><![CDATA[Travel]]></category>
		<guid isPermaLink="false">/?p=1543</guid>

					<description><![CDATA[It’s about one month since I last wrote a blog post partially due to a bit of writers block so I thought I’d jot down a note saying how I finished off my time in South East Asia.]]></description>
		
		
		
		<georss:point>6.4986110 99.3083344</georss:point>	</item>
		<item>
		<title>Other snippets from Singapore</title>
		<link>/blog/2012/01/04/other-snippets-from-singapore/</link>
		
		<dc:creator><![CDATA[Stefan]]></dc:creator>
		<pubDate>Wed, 04 Jan 2012 07:30:00 +0000</pubDate>
				<category><![CDATA[Singapore]]></category>
		<category><![CDATA[Travel]]></category>
		<guid isPermaLink="false">/?p=1271</guid>

					<description><![CDATA[I spent a month in total in Singapore and I tried to see most parts, some have been worthy of their own posts, but here are some of the other things to do. Sentosa Sentosa is a big theme park island just off the coast and it is there for one thing – to take [&#8230;]]]></description>
		
		
		
		<georss:point>1.3520830 103.8198395</georss:point>	</item>
		<item>
		<title>Walking the Singapore Formula 1 circuit</title>
		<link>/blog/2012/01/02/walking-the-singapore-formula-1-circuit/</link>
		
		<dc:creator><![CDATA[Stefan]]></dc:creator>
		<pubDate>Mon, 02 Jan 2012 07:52:00 +0000</pubDate>
				<category><![CDATA[Singapore]]></category>
		<category><![CDATA[Travel]]></category>
		<guid isPermaLink="false">/?p=1191</guid>

					<description><![CDATA[I’ve always loved Formula1 but have only really watched the races in recent years. On my RTW trip I intended to go to the Japanese Grand Prix but the cost was too prohibitive (I spent the money in the Galapagos instead) so when I hit Singapore I made sure I walked around the track here.]]></description>
		
		
		
		<georss:point>1.2897546 103.8642731</georss:point>	</item>
		<item>
		<title>Singapores MacRitchie Reservoir</title>
		<link>/blog/2011/12/29/singapore-macritchie-reservoir/</link>
		
		<dc:creator><![CDATA[Stefan]]></dc:creator>
		<pubDate>Thu, 29 Dec 2011 12:52:00 +0000</pubDate>
				<category><![CDATA[Singapore]]></category>
		<category><![CDATA[Travel]]></category>
		<guid isPermaLink="false">/?p=1180</guid>

					<description><![CDATA[After a while of walking in the city, I wanted some greenery and chose to head to MacRitchie Reservoir for my fix – ignoring the mosquito bites, I’m glad I did.]]></description>
		
		
		
		<georss:point>1.3448055 103.8252487</georss:point>	</item>
		<item>
		<title>Singapore lights up the night sky</title>
		<link>/blog/2011/12/26/singapore-lights-up-the-night-sky/</link>
		
		<dc:creator><![CDATA[Stefan]]></dc:creator>
		<pubDate>Mon, 26 Dec 2011 07:12:25 +0000</pubDate>
				<category><![CDATA[Singapore]]></category>
		<category><![CDATA[Travel]]></category>
		<guid isPermaLink="false">/?p=1157</guid>

					<description><![CDATA[Singapore during the day is lovely, but the colours are slightly dulled and whilst it's clean, it doesn't feel "fresh". At night however, it's a different ball game - Singapore comes alive and is staggeringly beautiful!]]></description>
		
		
		
		<georss:point>1.3002552 103.8692780</georss:point>	</item>
		<item>
		<title>Trying new foods in Singapore</title>
		<link>/blog/2011/12/25/trying-new-foods-in-singapore/</link>
		
		<dc:creator><![CDATA[Stefan]]></dc:creator>
		<pubDate>Sun, 25 Dec 2011 16:56:42 +0000</pubDate>
				<category><![CDATA[Singapore]]></category>
		<category><![CDATA[Travel]]></category>
		<guid isPermaLink="false">/?p=1231</guid>

					<description><![CDATA[Eating in Singapore is dead easy &#8211; there is every menu available from Chinese, Indian, Thai, Vietnamese, Japanese, English, French&#8230;. Any meal you fancy you&#8217;ll be able to find and sometimes you get to experience a completely different way of eating! Hawker Centres In Singapore the main, cheap way of eating is to use any of the [&#8230;]]]></description>
		
		
		
		<georss:point>1.2807715 103.8503876</georss:point>	</item>
		<item>
		<title>Singapore &#8211; wakeboarding</title>
		<link>/blog/2011/12/03/singapore-wakeboarding/</link>
		
		<dc:creator><![CDATA[Stefan]]></dc:creator>
		<pubDate>Sat, 03 Dec 2011 05:38:52 +0000</pubDate>
				<category><![CDATA[Singapore]]></category>
		<category><![CDATA[Travel]]></category>
		<guid isPermaLink="false">/?p=995</guid>

					<description><![CDATA[It’s fair to say I like the more extreme outdoor pursuits with my crashing of cross country mountain bikes, face-planting power kites, falling off mountain boards… I’m going to pretend I’m any good, but I like them and therefore I thought I’d give wakeboarding a go. Suffice to say it was “plain sailing”. Splash Back [&#8230;]]]></description>
		
		
		
		<georss:point>1.3063476 103.9324875</georss:point>	</item>
	</channel>
</rss>
