<?xml version="1.0" encoding="UTF-8"?><rss version="2.0"
	xmlns:content="http://purl.org/rss/1.0/modules/content/"
	xmlns:wfw="http://wellformedweb.org/CommentAPI/"
	xmlns:dc="http://purl.org/dc/elements/1.1/"
	xmlns:atom="http://www.w3.org/2005/Atom"
	xmlns:sy="http://purl.org/rss/1.0/modules/syndication/"
	xmlns:slash="http://purl.org/rss/1.0/modules/slash/"
	xmlns:georss="http://www.georss.org/georss" >

<channel>
	<title>David &#8211; StefanCarlton.net</title>
	<atom:link href="/blog/tag/david/feed/" rel="self" type="application/rss+xml" />
	<link>/</link>
	<description>my little place on the web</description>
	<lastBuildDate>Sun, 27 Sep 2020 05:57:39 +0000</lastBuildDate>
	<language>en-US</language>
	<sy:updatePeriod>
	hourly	</sy:updatePeriod>
	<sy:updateFrequency>
	1	</sy:updateFrequency>
	<generator>https://wordpress.org/?v=6.2.2</generator>
	<item>
		<title>David and The Purple House</title>
		<link>/blog/2011/08/28/david-and-the-purple-house/</link>
		
		<dc:creator><![CDATA[Stefan]]></dc:creator>
		<pubDate>Sun, 28 Aug 2011 05:33:00 +0000</pubDate>
				<category><![CDATA[Panama]]></category>
		<category><![CDATA[Travel]]></category>
		<category><![CDATA[David]]></category>
		<category><![CDATA[Odd Hostels]]></category>
		<guid isPermaLink="false">/?p=666</guid>

					<description><![CDATA[I only stayed in David for one night, but the hostel I stayed in “The Purple House” deserves a special mention. It’s strange. It’s very, very strange. To get to Bocas Del Toro you can either go straight there or stop overnight in David, I chose the later as I didn’t want a long bus [&#8230;]]]></description>
		
		
		
		<georss:point>8.4277878 -82.4306717</georss:point>	</item>
	</channel>
</rss>
