<?xml version="1.0" encoding="UTF-8"?><rss version="2.0"
	xmlns:content="http://purl.org/rss/1.0/modules/content/"
	xmlns:dc="http://purl.org/dc/elements/1.1/"
	xmlns:atom="http://www.w3.org/2005/Atom"
	xmlns:sy="http://purl.org/rss/1.0/modules/syndication/"
	xmlns:georss="http://www.georss.org/georss" 
	>
<channel>
	<title>
	Comments on: Hiking my first volcano &#8211; Madera, Isla De Ometepe	</title>
	<atom:link href="/blog/2011/09/06/hiking-my-first-volcano-madera-isla-de-ometepe/feed/" rel="self" type="application/rss+xml" />
	<link>/blog/2011/09/06/hiking-my-first-volcano-madera-isla-de-ometepe/</link>
	<description>my little place on the web</description>
	<lastBuildDate>Sun, 27 Sep 2020 05:57:39 +0000</lastBuildDate>
	<sy:updatePeriod>
	hourly	</sy:updatePeriod>
	<sy:updateFrequency>
	1	</sy:updateFrequency>
	<generator>https://wordpress.org/?v=6.2.2</generator>
	<item>
		<title>
		By: Erica		</title>
		<link>/blog/2011/09/06/hiking-my-first-volcano-madera-isla-de-ometepe/#comment-107</link>

		<dc:creator><![CDATA[Erica]]></dc:creator>
		<pubDate>Sat, 12 Nov 2011 01:50:30 +0000</pubDate>
		<guid isPermaLink="false">/?p=683#comment-107</guid>

					<description><![CDATA[Oh I&#039;m so jealous! I went to the Isla de Ometempe, but didn&#039;t have enough time to climb the volcanoes. I&#039;m glad you did so I could read about it and live vicariously through you- even if it didn&#039;t turn out to be as glamorous as it might sound.]]></description>
			<content:encoded><![CDATA[<p>Oh I&#8217;m so jealous! I went to the Isla de Ometempe, but didn&#8217;t have enough time to climb the volcanoes. I&#8217;m glad you did so I could read about it and live vicariously through you- even if it didn&#8217;t turn out to be as glamorous as it might sound.</p>
]]></content:encoded>
		
			</item>
	</channel>
</rss>
