<?xml version="1.0" encoding="UTF-8"?><rss version="2.0"
	xmlns:content="http://purl.org/rss/1.0/modules/content/"
	xmlns:dc="http://purl.org/dc/elements/1.1/"
	xmlns:atom="http://www.w3.org/2005/Atom"
	xmlns:sy="http://purl.org/rss/1.0/modules/syndication/"
	xmlns:georss="http://www.georss.org/georss" 
	>
<channel>
	<title>
	Comments on: Natural Bridges and Monument Valley	</title>
	<atom:link href="/blog/2011/11/13/natural-bridges-and-monument-valley/feed/" rel="self" type="application/rss+xml" />
	<link>/blog/2011/11/13/natural-bridges-and-monument-valley/</link>
	<description>my little place on the web</description>
	<lastBuildDate>Sun, 27 Sep 2020 05:57:37 +0000</lastBuildDate>
	<sy:updatePeriod>
	hourly	</sy:updatePeriod>
	<sy:updateFrequency>
	1	</sy:updateFrequency>
	<generator>https://wordpress.org/?v=6.2.2</generator>
	<item>
		<title>
		By: Nathan		</title>
		<link>/blog/2011/11/13/natural-bridges-and-monument-valley/#comment-115</link>

		<dc:creator><![CDATA[Nathan]]></dc:creator>
		<pubDate>Tue, 29 Nov 2011 23:04:04 +0000</pubDate>
		<guid isPermaLink="false">/?p=906#comment-115</guid>

					<description><![CDATA[I LOVE that area. I was just recently told about a place nearby to there called Valley of the Gods that I&#039;m dying to check out. Great shots!]]></description>
			<content:encoded><![CDATA[<p>I LOVE that area. I was just recently told about a place nearby to there called Valley of the Gods that I&#8217;m dying to check out. Great shots!</p>
]]></content:encoded>
		
			</item>
	</channel>
</rss>
