<?xml version="1.0" encoding="UTF-8"?><rss version="2.0"
	xmlns:content="http://purl.org/rss/1.0/modules/content/"
	xmlns:wfw="http://wellformedweb.org/CommentAPI/"
	xmlns:dc="http://purl.org/dc/elements/1.1/"
	xmlns:atom="http://www.w3.org/2005/Atom"
	xmlns:sy="http://purl.org/rss/1.0/modules/syndication/"
	xmlns:slash="http://purl.org/rss/1.0/modules/slash/"
	xmlns:georss="http://www.georss.org/georss" >

<channel>
	<title>cusco &#8211; StefanCarlton.net</title>
	<atom:link href="/blog/tag/cusco/feed/" rel="self" type="application/rss+xml" />
	<link>/</link>
	<description>my little place on the web</description>
	<lastBuildDate>Sun, 27 Sep 2020 05:57:44 +0000</lastBuildDate>
	<language>en-US</language>
	<sy:updatePeriod>
	hourly	</sy:updatePeriod>
	<sy:updateFrequency>
	1	</sy:updateFrequency>
	<generator>https://wordpress.org/?v=6.2.2</generator>
	<item>
		<title>Smiling and Pointing at things in South America</title>
		<link>/blog/2011/08/04/smiling-and-pointing-at-things-in-south-america/</link>
		
		<dc:creator><![CDATA[Stefan]]></dc:creator>
		<pubDate>Thu, 04 Aug 2011 15:45:47 +0000</pubDate>
				<category><![CDATA[Bolivia]]></category>
		<category><![CDATA[Ecuador]]></category>
		<category><![CDATA[Peru]]></category>
		<category><![CDATA[Travel]]></category>
		<category><![CDATA[cusco]]></category>
		<category><![CDATA[Galapagos]]></category>
		<category><![CDATA[la paz]]></category>
		<category><![CDATA[lagoon]]></category>
		<category><![CDATA[Machu Picchu]]></category>
		<category><![CDATA[mountain bike]]></category>
		<category><![CDATA[rurrenbaque]]></category>
		<category><![CDATA[tupiza]]></category>
		<guid isPermaLink="false">/?p=608</guid>

					<description><![CDATA[My mother may have taught me that pointing at things is rude, but it hasn&#8217;t stopped me in South America. Here are my favourites&#8230;]]></description>
		
		
		
			</item>
		<item>
		<title>On Cusco</title>
		<link>/blog/2011/05/14/on-cusco/</link>
		
		<dc:creator><![CDATA[Stefan]]></dc:creator>
		<pubDate>Sat, 14 May 2011 19:45:52 +0000</pubDate>
				<category><![CDATA[Peru]]></category>
		<category><![CDATA[Travel]]></category>
		<category><![CDATA[cities]]></category>
		<category><![CDATA[cusco]]></category>
		<category><![CDATA[onPlaces]]></category>
		<guid isPermaLink="false">/?p=312</guid>

					<description><![CDATA[Is it Cusco or Cuzco? The two seem interchangeable and I’m not quite sure which is right. I’m  going for Cusco. Cusco is a strange place. It’s full of tourists and the main areas are clearly geared up to catering for them with expensive restaurants, Irish bars, Western Cuisine, McDonalds and shortly a Starbucks. Step [&#8230;]]]></description>
		
		
		
		<georss:point>-13.5249996 -71.9722214</georss:point>	</item>
		<item>
		<title>The Inca Trail and Machu Picchu</title>
		<link>/blog/2011/05/13/the-inca-trail-and-machu-picchu/</link>
					<comments>/blog/2011/05/13/the-inca-trail-and-machu-picchu/#comments</comments>
		
		<dc:creator><![CDATA[Stefan]]></dc:creator>
		<pubDate>Fri, 13 May 2011 17:40:49 +0000</pubDate>
				<category><![CDATA[Peru]]></category>
		<category><![CDATA[Travel]]></category>
		<category><![CDATA[cusco]]></category>
		<category><![CDATA[Inca Trail]]></category>
		<category><![CDATA[Machu Picchu]]></category>
		<category><![CDATA[sights]]></category>
		<guid isPermaLink="false">/?p=291</guid>

					<description><![CDATA[Day One – Cusco to Wayllabamba An early start meant that I needed to have everything packed and sorted the night before so I did. An late-ish night and a lack of sleep meant I had to fight to get out of bed as the bus collected me at 0521 and we were off. The [&#8230;]]]></description>
		
					<wfw:commentRss>/blog/2011/05/13/the-inca-trail-and-machu-picchu/feed/</wfw:commentRss>
			<slash:comments>2</slash:comments>
		
		
		<georss:point>-13.1639566 -72.5459900</georss:point>	</item>
		<item>
		<title>Sacsayhuam&#225;n</title>
		<link>/blog/2011/05/07/sacsayhuamn/</link>
		
		<dc:creator><![CDATA[Stefan]]></dc:creator>
		<pubDate>Sat, 07 May 2011 16:43:57 +0000</pubDate>
				<category><![CDATA[Peru]]></category>
		<category><![CDATA[Travel]]></category>
		<category><![CDATA[cusco]]></category>
		<category><![CDATA[Sacred Valley]]></category>
		<category><![CDATA[Sacsayhuamán]]></category>
		<category><![CDATA[sights]]></category>
		<guid isPermaLink="false">/travel/sacsayhuamn/</guid>

					<description><![CDATA[After a late start I decided to take the Lonely Planets walking tour of Cusco and whilst going over old ground, I enjoyed sauntering along passing the time. The end of the walk is a trek up to Sacsayhuamán, which I did, but in a different way to that listed. The standard way is to [&#8230;]]]></description>
		
		
		
		<georss:point>-13.5050344 -71.9801407</georss:point>	</item>
		<item>
		<title>Travelling and the first days</title>
		<link>/blog/2011/05/06/travelling-and-the-first-days/</link>
		
		<dc:creator><![CDATA[Stefan]]></dc:creator>
		<pubDate>Fri, 06 May 2011 01:00:52 +0000</pubDate>
				<category><![CDATA[Journal]]></category>
		<category><![CDATA[Peru]]></category>
		<category><![CDATA[Travel]]></category>
		<category><![CDATA[cusco]]></category>
		<category><![CDATA[journal]]></category>
		<guid isPermaLink="false">/travel/travelling-and-the-first-days/</guid>

					<description><![CDATA[It’s been a strange few days – first of all a very long trip, which whilst with dramas went ok and then arrival in a foreign city. I’m not really sure what to think about it all to be honest. The first two flights were fine – I got to Madrid on the two BA [&#8230;]]]></description>
		
		
		
			</item>
	</channel>
</rss>
