<?xml version="1.0" encoding="UTF-8"?><rss version="2.0"
	xmlns:content="http://purl.org/rss/1.0/modules/content/"
	xmlns:wfw="http://wellformedweb.org/CommentAPI/"
	xmlns:dc="http://purl.org/dc/elements/1.1/"
	xmlns:atom="http://www.w3.org/2005/Atom"
	xmlns:sy="http://purl.org/rss/1.0/modules/syndication/"
	xmlns:slash="http://purl.org/rss/1.0/modules/slash/"
	xmlns:georss="http://www.georss.org/georss" >

<channel>
	<title>la paz &#8211; StefanCarlton.net</title>
	<atom:link href="/blog/tag/la-paz/feed/" rel="self" type="application/rss+xml" />
	<link>/</link>
	<description>my little place on the web</description>
	<lastBuildDate>Sun, 27 Sep 2020 05:57:43 +0000</lastBuildDate>
	<language>en-US</language>
	<sy:updatePeriod>
	hourly	</sy:updatePeriod>
	<sy:updateFrequency>
	1	</sy:updateFrequency>
	<generator>https://wordpress.org/?v=6.2.2</generator>
	<item>
		<title>Smiling and Pointing at things in South America</title>
		<link>/blog/2011/08/04/smiling-and-pointing-at-things-in-south-america/</link>
		
		<dc:creator><![CDATA[Stefan]]></dc:creator>
		<pubDate>Thu, 04 Aug 2011 15:45:47 +0000</pubDate>
				<category><![CDATA[Bolivia]]></category>
		<category><![CDATA[Ecuador]]></category>
		<category><![CDATA[Peru]]></category>
		<category><![CDATA[Travel]]></category>
		<category><![CDATA[cusco]]></category>
		<category><![CDATA[Galapagos]]></category>
		<category><![CDATA[la paz]]></category>
		<category><![CDATA[lagoon]]></category>
		<category><![CDATA[Machu Picchu]]></category>
		<category><![CDATA[mountain bike]]></category>
		<category><![CDATA[rurrenbaque]]></category>
		<category><![CDATA[tupiza]]></category>
		<guid isPermaLink="false">/?p=608</guid>

					<description><![CDATA[My mother may have taught me that pointing at things is rude, but it hasn&#8217;t stopped me in South America. Here are my favourites&#8230;]]></description>
		
		
		
			</item>
		<item>
		<title>Tiwanaku Winter Solstice</title>
		<link>/blog/2011/07/03/tiwanaku-winter-solstice/</link>
		
		<dc:creator><![CDATA[Stefan]]></dc:creator>
		<pubDate>Sun, 03 Jul 2011 23:41:00 +0000</pubDate>
				<category><![CDATA[Bolivia]]></category>
		<category><![CDATA[Travel]]></category>
		<category><![CDATA[la paz]]></category>
		<category><![CDATA[sights]]></category>
		<category><![CDATA[Tiwanaku]]></category>
		<category><![CDATA[winter solstice]]></category>
		<guid isPermaLink="false">/?p=456</guid>

					<description><![CDATA[Winter Solstice (21st July) is a big thing in Latin America, for them it represents the change in season and thus the time to reap or sow the crop. As a result, many of the ancient temples are designed so that elements light up with the sunrise on the specific days (think Stonehenge in the [&#8230;]]]></description>
		
		
		
		<georss:point>-16.5519905 -68.6788177</georss:point>	</item>
		<item>
		<title>The differences to be found in La Paz</title>
		<link>/blog/2011/06/02/the-differences-to-be-found-in-la-paz/</link>
		
		<dc:creator><![CDATA[Stefan]]></dc:creator>
		<pubDate>Thu, 02 Jun 2011 23:05:12 +0000</pubDate>
				<category><![CDATA[Bolivia]]></category>
		<category><![CDATA[Travel]]></category>
		<category><![CDATA[cinema]]></category>
		<category><![CDATA[cities]]></category>
		<category><![CDATA[la paz]]></category>
		<category><![CDATA[market]]></category>
		<category><![CDATA[onPlaces]]></category>
		<guid isPermaLink="false">/?p=358</guid>

					<description><![CDATA[La Paz is the largest city in Bolivia and is the cultural capital (think Sydney and Canberra) and it is a very strange place indeed. It sits within a valley with building clinging to the sides and the river at the bottom of the canyon hidden away underneath the city. There isn’t really much to [&#8230;]]]></description>
		
		
		
		<georss:point>-16.4990101 -68.1462479</georss:point>	</item>
		<item>
		<title>Cholitas Wrestling</title>
		<link>/blog/2011/05/29/cholitas-wrestling/</link>
		
		<dc:creator><![CDATA[Stefan]]></dc:creator>
		<pubDate>Sun, 29 May 2011 03:24:00 +0000</pubDate>
				<category><![CDATA[Bolivia]]></category>
		<category><![CDATA[Travel]]></category>
		<category><![CDATA[la paz]]></category>
		<category><![CDATA[sights]]></category>
		<category><![CDATA[wrestling]]></category>
		<guid isPermaLink="false">/?p=370</guid>

					<description><![CDATA[One of the things that people say you must go see in La Paz is the Cholitas wrestling. Rumours fly around that it is this weird mix of Mexican wrestling with midgets thrown in and that  it’s a brilliant night out. I’m not a fan of wrestling for the most part, but decided that I [&#8230;]]]></description>
		
		
		
		<georss:point>-16.4990101 -68.1462479</georss:point>	</item>
		<item>
		<title>Mountain Biking in Sorata</title>
		<link>/blog/2011/05/27/mountain-biking-in-sorata/</link>
		
		<dc:creator><![CDATA[Stefan]]></dc:creator>
		<pubDate>Fri, 27 May 2011 03:42:00 +0000</pubDate>
				<category><![CDATA[Bolivia]]></category>
		<category><![CDATA[Travel]]></category>
		<category><![CDATA[gravity bolivia]]></category>
		<category><![CDATA[la paz]]></category>
		<category><![CDATA[sorata]]></category>
		<category><![CDATA[tour]]></category>
		<guid isPermaLink="false">/?p=343</guid>

					<description><![CDATA[There were a couple of things that I was really excited about when I was planning my RTW trip – the Inca Trail and doing some mountain biking out of La Paz. Most people tend to go for the Death Road, but this is just 60km of riding down a dirt road and is designed [&#8230;]]]></description>
		
		
		
		<georss:point>-15.7733335 -68.6480560</georss:point>	</item>
	</channel>
</rss>
