<?xml version="1.0" encoding="UTF-8"?><rss version="2.0"
	xmlns:content="http://purl.org/rss/1.0/modules/content/"
	xmlns:dc="http://purl.org/dc/elements/1.1/"
	xmlns:atom="http://www.w3.org/2005/Atom"
	xmlns:sy="http://purl.org/rss/1.0/modules/syndication/"
	xmlns:georss="http://www.georss.org/georss" 
	>
<channel>
	<title>
	Comments on: 12 Days of Christmas &#8211; 6 amazing beaches	</title>
	<atom:link href="/blog/2011/12/19/12-days-of-christmas-6-amazing-beaches/feed/" rel="self" type="application/rss+xml" />
	<link>/blog/2011/12/19/12-days-of-christmas-6-amazing-beaches/</link>
	<description>my little place on the web</description>
	<lastBuildDate>Sun, 27 Sep 2020 05:57:35 +0000</lastBuildDate>
	<sy:updatePeriod>
	hourly	</sy:updatePeriod>
	<sy:updateFrequency>
	1	</sy:updateFrequency>
	<generator>https://wordpress.org/?v=6.2.2</generator>
	<item>
		<title>
		By: Jieying		</title>
		<link>/blog/2011/12/19/12-days-of-christmas-6-amazing-beaches/#comment-141</link>

		<dc:creator><![CDATA[Jieying]]></dc:creator>
		<pubDate>Tue, 20 Dec 2011 00:50:21 +0000</pubDate>
		<guid isPermaLink="false">/?p=1089#comment-141</guid>

					<description><![CDATA[Hi Stefan! It feels so weird not seeing you early in the morning, today is nasi lemak! Get your ass back here in Singapore! Hahaha!]]></description>
			<content:encoded><![CDATA[<p>Hi Stefan! It feels so weird not seeing you early in the morning, today is nasi lemak! Get your ass back here in Singapore! Hahaha!</p>
]]></content:encoded>
		
			</item>
	</channel>
</rss>
