<?xml version="1.0" encoding="UTF-8"?><rss version="2.0"
	xmlns:content="http://purl.org/rss/1.0/modules/content/"
	xmlns:wfw="http://wellformedweb.org/CommentAPI/"
	xmlns:dc="http://purl.org/dc/elements/1.1/"
	xmlns:atom="http://www.w3.org/2005/Atom"
	xmlns:sy="http://purl.org/rss/1.0/modules/syndication/"
	xmlns:slash="http://purl.org/rss/1.0/modules/slash/"
	xmlns:georss="http://www.georss.org/georss" >

<channel>
	<title>problems &#8211; StefanCarlton.net</title>
	<atom:link href="/blog/tag/problems/feed/" rel="self" type="application/rss+xml" />
	<link>/</link>
	<description>my little place on the web</description>
	<lastBuildDate>Sun, 27 Sep 2020 05:57:41 +0000</lastBuildDate>
	<language>en-US</language>
	<sy:updatePeriod>
	hourly	</sy:updatePeriod>
	<sy:updateFrequency>
	1	</sy:updateFrequency>
	<generator>https://wordpress.org/?v=6.2.2</generator>
	<item>
		<title>Paths that cross, and then diverge</title>
		<link>/blog/2011/07/05/paths-that-cross/</link>
		
		<dc:creator><![CDATA[Stefan]]></dc:creator>
		<pubDate>Tue, 05 Jul 2011 23:43:00 +0000</pubDate>
				<category><![CDATA[Travel]]></category>
		<category><![CDATA[friends]]></category>
		<category><![CDATA[journal]]></category>
		<category><![CDATA[problems]]></category>
		<guid isPermaLink="false">/?p=463</guid>

					<description><![CDATA[Before I left the UK lots of people gave me advice, from my grandmothers “don’t get married”, the more basic “don’t trust anyone” to the straight forward “things will go wrong but approach them with your best foot forward”. Potentially the best advice however came from one person &#8211; he said “Never say no” and [&#8230;]]]></description>
		
		
		
			</item>
	</channel>
</rss>
