<?xml version="1.0" encoding="UTF-8"?><rss version="2.0"
	xmlns:content="http://purl.org/rss/1.0/modules/content/"
	xmlns:wfw="http://wellformedweb.org/CommentAPI/"
	xmlns:dc="http://purl.org/dc/elements/1.1/"
	xmlns:atom="http://www.w3.org/2005/Atom"
	xmlns:sy="http://purl.org/rss/1.0/modules/syndication/"
	xmlns:slash="http://purl.org/rss/1.0/modules/slash/"
	xmlns:georss="http://www.georss.org/georss" >

<channel>
	<title>Machu Picchu &#8211; StefanCarlton.net</title>
	<atom:link href="/blog/tag/machu-picchu/feed/" rel="self" type="application/rss+xml" />
	<link>/</link>
	<description>my little place on the web</description>
	<lastBuildDate>Sun, 27 Sep 2020 05:57:44 +0000</lastBuildDate>
	<language>en-US</language>
	<sy:updatePeriod>
	hourly	</sy:updatePeriod>
	<sy:updateFrequency>
	1	</sy:updateFrequency>
	<generator>https://wordpress.org/?v=6.2.2</generator>
	<item>
		<title>Smiling and Pointing at things in South America</title>
		<link>/blog/2011/08/04/smiling-and-pointing-at-things-in-south-america/</link>
		
		<dc:creator><![CDATA[Stefan]]></dc:creator>
		<pubDate>Thu, 04 Aug 2011 15:45:47 +0000</pubDate>
				<category><![CDATA[Bolivia]]></category>
		<category><![CDATA[Ecuador]]></category>
		<category><![CDATA[Peru]]></category>
		<category><![CDATA[Travel]]></category>
		<category><![CDATA[cusco]]></category>
		<category><![CDATA[Galapagos]]></category>
		<category><![CDATA[la paz]]></category>
		<category><![CDATA[lagoon]]></category>
		<category><![CDATA[Machu Picchu]]></category>
		<category><![CDATA[mountain bike]]></category>
		<category><![CDATA[rurrenbaque]]></category>
		<category><![CDATA[tupiza]]></category>
		<guid isPermaLink="false">/?p=608</guid>

					<description><![CDATA[My mother may have taught me that pointing at things is rude, but it hasn&#8217;t stopped me in South America. Here are my favourites&#8230;]]></description>
		
		
		
			</item>
		<item>
		<title>The Inca Trail and Machu Picchu</title>
		<link>/blog/2011/05/13/the-inca-trail-and-machu-picchu/</link>
					<comments>/blog/2011/05/13/the-inca-trail-and-machu-picchu/#comments</comments>
		
		<dc:creator><![CDATA[Stefan]]></dc:creator>
		<pubDate>Fri, 13 May 2011 17:40:49 +0000</pubDate>
				<category><![CDATA[Peru]]></category>
		<category><![CDATA[Travel]]></category>
		<category><![CDATA[cusco]]></category>
		<category><![CDATA[Inca Trail]]></category>
		<category><![CDATA[Machu Picchu]]></category>
		<category><![CDATA[sights]]></category>
		<guid isPermaLink="false">/?p=291</guid>

					<description><![CDATA[Day One – Cusco to Wayllabamba An early start meant that I needed to have everything packed and sorted the night before so I did. An late-ish night and a lack of sleep meant I had to fight to get out of bed as the bus collected me at 0521 and we were off. The [&#8230;]]]></description>
		
					<wfw:commentRss>/blog/2011/05/13/the-inca-trail-and-machu-picchu/feed/</wfw:commentRss>
			<slash:comments>2</slash:comments>
		
		
		<georss:point>-13.1639566 -72.5459900</georss:point>	</item>
	</channel>
</rss>
