<?xml version="1.0" encoding="UTF-8"?><rss version="2.0"
	xmlns:content="http://purl.org/rss/1.0/modules/content/"
	xmlns:dc="http://purl.org/dc/elements/1.1/"
	xmlns:atom="http://www.w3.org/2005/Atom"
	xmlns:sy="http://purl.org/rss/1.0/modules/syndication/"
	xmlns:georss="http://www.georss.org/georss" 
	>
<channel>
	<title>
	Comments on: Lima&#8217;s Magic Water Circuit, Parque de la Reserva	</title>
	<atom:link href="/blog/2011/07/08/limas-magic-water-circuit-parque-de-la-reserva/feed/" rel="self" type="application/rss+xml" />
	<link>/blog/2011/07/08/limas-magic-water-circuit-parque-de-la-reserva/</link>
	<description>my little place on the web</description>
	<lastBuildDate>Sun, 27 Sep 2020 05:57:41 +0000</lastBuildDate>
	<sy:updatePeriod>
	hourly	</sy:updatePeriod>
	<sy:updateFrequency>
	1	</sy:updateFrequency>
	<generator>https://wordpress.org/?v=6.2.2</generator>
	<item>
		<title>
		By: Stefan		</title>
		<link>/blog/2011/07/08/limas-magic-water-circuit-parque-de-la-reserva/#comment-35</link>

		<dc:creator><![CDATA[Stefan]]></dc:creator>
		<pubDate>Fri, 29 Jul 2011 00:07:36 +0000</pubDate>
		<guid isPermaLink="false">/?p=457#comment-35</guid>

					<description><![CDATA[In reply to &lt;a href=&quot;/blog/2011/07/08/limas-magic-water-circuit-parque-de-la-reserva/#comment-32&quot;&gt;Pam Winders&lt;/a&gt;.

Thanks Pam :)]]></description>
			<content:encoded><![CDATA[<p>In reply to <a href="/blog/2011/07/08/limas-magic-water-circuit-parque-de-la-reserva/#comment-32">Pam Winders</a>.</p>
<p>Thanks Pam 🙂</p>
]]></content:encoded>
		
			</item>
		<item>
		<title>
		By: Pam Winders		</title>
		<link>/blog/2011/07/08/limas-magic-water-circuit-parque-de-la-reserva/#comment-32</link>

		<dc:creator><![CDATA[Pam Winders]]></dc:creator>
		<pubDate>Fri, 15 Jul 2011 21:39:12 +0000</pubDate>
		<guid isPermaLink="false">/?p=457#comment-32</guid>

					<description><![CDATA[Wow Stefan in your quest to enrich YOUR life you are enriching the lives of everyone who reads about your adventures continue to enjoy and stay safe  Cheers Pam]]></description>
			<content:encoded><![CDATA[<p>Wow Stefan in your quest to enrich YOUR life you are enriching the lives of everyone who reads about your adventures continue to enjoy and stay safe  Cheers Pam</p>
]]></content:encoded>
		
			</item>
	</channel>
</rss>
