<?xml version="1.0" encoding="UTF-8"?><rss version="2.0"
	xmlns:content="http://purl.org/rss/1.0/modules/content/"
	xmlns:dc="http://purl.org/dc/elements/1.1/"
	xmlns:atom="http://www.w3.org/2005/Atom"
	xmlns:sy="http://purl.org/rss/1.0/modules/syndication/"
	xmlns:georss="http://www.georss.org/georss" 
	>
<channel>
	<title>
	Comments on: Learning to Scuba dive in Utila with Parrots Dive Center	</title>
	<atom:link href="/blog/2011/09/16/learning-to-scuba-dive-in-utila-with-parrots-dive-center/feed/" rel="self" type="application/rss+xml" />
	<link>/blog/2011/09/16/learning-to-scuba-dive-in-utila-with-parrots-dive-center/</link>
	<description>my little place on the web</description>
	<lastBuildDate>Sun, 27 Sep 2020 05:57:38 +0000</lastBuildDate>
	<sy:updatePeriod>
	hourly	</sy:updatePeriod>
	<sy:updateFrequency>
	1	</sy:updateFrequency>
	<generator>https://wordpress.org/?v=6.2.2</generator>
	<item>
		<title>
		By: basmi_Ale		</title>
		<link>/blog/2011/09/16/learning-to-scuba-dive-in-utila-with-parrots-dive-center/#comment-123</link>

		<dc:creator><![CDATA[basmi_Ale]]></dc:creator>
		<pubDate>Thu, 22 Sep 2011 22:25:40 +0000</pubDate>
		<guid isPermaLink="false">/?p=716#comment-123</guid>

					<description><![CDATA[@stefancarlton loved your post! flying to Honduras 2 oct, 2wks hol. Undecided between Roatan and Utila...your post definately helped!]]></description>
			<content:encoded><![CDATA[<p>@stefancarlton loved your post! flying to Honduras 2 oct, 2wks hol. Undecided between Roatan and Utila&#8230;your post definately helped!</p>
]]></content:encoded>
		
			</item>
	</channel>
</rss>
