<?xml version="1.0" encoding="UTF-8"?><rss version="2.0"
	xmlns:content="http://purl.org/rss/1.0/modules/content/"
	xmlns:wfw="http://wellformedweb.org/CommentAPI/"
	xmlns:dc="http://purl.org/dc/elements/1.1/"
	xmlns:atom="http://www.w3.org/2005/Atom"
	xmlns:sy="http://purl.org/rss/1.0/modules/syndication/"
	xmlns:slash="http://purl.org/rss/1.0/modules/slash/"
	xmlns:georss="http://www.georss.org/georss" >

<channel>
	<title>Panama &#8211; StefanCarlton.net</title>
	<atom:link href="/blog/category/locations/central-america/panama/feed/" rel="self" type="application/rss+xml" />
	<link>/</link>
	<description>my little place on the web</description>
	<lastBuildDate>Sun, 27 Sep 2020 05:57:39 +0000</lastBuildDate>
	<language>en-US</language>
	<sy:updatePeriod>
	hourly	</sy:updatePeriod>
	<sy:updateFrequency>
	1	</sy:updateFrequency>
	<generator>https://wordpress.org/?v=6.2.2</generator>
	<item>
		<title>Bocas Del Toro</title>
		<link>/blog/2011/08/30/bocas-del-toro/</link>
		
		<dc:creator><![CDATA[Stefan]]></dc:creator>
		<pubDate>Tue, 30 Aug 2011 23:53:46 +0000</pubDate>
				<category><![CDATA[Panama]]></category>
		<category><![CDATA[Travel]]></category>
		<guid isPermaLink="false">/?p=670</guid>

					<description><![CDATA[Bocas Del Toro is the place where the Survivor TV series was filmed. It was used because everything looks idyllic with the white sand beaches, crashing blue surf and a loads of little islands dotted around the area. It’s a shame then that to get there you pass through a grotty little dive of a [&#8230;]]]></description>
		
		
		
		<georss:point>9.3358822 -82.2545090</georss:point>	</item>
		<item>
		<title>David and The Purple House</title>
		<link>/blog/2011/08/28/david-and-the-purple-house/</link>
		
		<dc:creator><![CDATA[Stefan]]></dc:creator>
		<pubDate>Sun, 28 Aug 2011 05:33:00 +0000</pubDate>
				<category><![CDATA[Panama]]></category>
		<category><![CDATA[Travel]]></category>
		<category><![CDATA[David]]></category>
		<category><![CDATA[Odd Hostels]]></category>
		<guid isPermaLink="false">/?p=666</guid>

					<description><![CDATA[I only stayed in David for one night, but the hostel I stayed in “The Purple House” deserves a special mention. It’s strange. It’s very, very strange. To get to Bocas Del Toro you can either go straight there or stop overnight in David, I chose the later as I didn’t want a long bus [&#8230;]]]></description>
		
		
		
		<georss:point>8.4277878 -82.4306717</georss:point>	</item>
		<item>
		<title>Panama City and the Panama Canal</title>
		<link>/blog/2011/08/24/panama-city-and-the-panama-canal/</link>
		
		<dc:creator><![CDATA[Stefan]]></dc:creator>
		<pubDate>Wed, 24 Aug 2011 23:05:56 +0000</pubDate>
				<category><![CDATA[Panama]]></category>
		<category><![CDATA[Travel]]></category>
		<category><![CDATA[Canal]]></category>
		<guid isPermaLink="false">/?p=657</guid>

					<description><![CDATA[After I got my rucksack back I went out and walked to Casa Viejo for a look around the “old” town. It’s a nice looking place with old buildings and nice architecture but I can see why it has a reputation of been a bit dodgy. It has an odd feeling about it and a [&#8230;]]]></description>
		
		
		
		<georss:point>8.9942694 -79.5187912</georss:point>	</item>
		<item>
		<title>That Rhod Gilbert Sketch of lost luggage</title>
		<link>/blog/2011/08/22/that-rhod-gilbert-sketch-of-lost-luggage/</link>
		
		<dc:creator><![CDATA[Stefan]]></dc:creator>
		<pubDate>Mon, 22 Aug 2011 23:57:49 +0000</pubDate>
				<category><![CDATA[Panama]]></category>
		<category><![CDATA[Travel]]></category>
		<category><![CDATA[luggage]]></category>
		<guid isPermaLink="false">/?p=652</guid>

					<description><![CDATA[Rhod Gilbert has a sketch on Youtube which is all about turning up to Australia and his luggage not making it. He stands watching a handle go around and around and around laughing at the poor sap who owns the handle. Then he realises it’s his handle and has to try and get the airline [&#8230;]]]></description>
		
		
		
		<georss:point>8.9942694 -79.5187912</georss:point>	</item>
	</channel>
</rss>
