<?xml version="1.0" encoding="UTF-8"?><rss version="2.0"
	xmlns:content="http://purl.org/rss/1.0/modules/content/"
	xmlns:wfw="http://wellformedweb.org/CommentAPI/"
	xmlns:dc="http://purl.org/dc/elements/1.1/"
	xmlns:atom="http://www.w3.org/2005/Atom"
	xmlns:sy="http://purl.org/rss/1.0/modules/syndication/"
	xmlns:slash="http://purl.org/rss/1.0/modules/slash/"
	xmlns:georss="http://www.georss.org/georss" >

<channel>
	<title>Journal &#8211; StefanCarlton.net</title>
	<atom:link href="/blog/category/travel/travel-journal/feed/" rel="self" type="application/rss+xml" />
	<link>/</link>
	<description>my little place on the web</description>
	<lastBuildDate>Sun, 27 Sep 2020 05:57:35 +0000</lastBuildDate>
	<language>en-US</language>
	<sy:updatePeriod>
	hourly	</sy:updatePeriod>
	<sy:updateFrequency>
	1	</sy:updateFrequency>
	<generator>https://wordpress.org/?v=6.2.2</generator>
	<item>
		<title>You know something, Mary Schmich &#038; Baz Luhrman were right (Everyone is Free)</title>
		<link>/blog/2012/04/02/you-know-something-mary-schmich-baz-luhrman-were-right/</link>
		
		<dc:creator><![CDATA[Stefan]]></dc:creator>
		<pubDate>Mon, 02 Apr 2012 02:15:44 +0000</pubDate>
				<category><![CDATA[Journal]]></category>
		<category><![CDATA[Travel]]></category>
		<guid isPermaLink="false">/?p=1569</guid>

					<description><![CDATA[Thirteen years ago a song was released which addressed many of the insecurities that we all feel. It dispensed advice and explained that whilst ultimately our existence wouldn’t change, we could do something to feel better about ourselves. The song itself was based on an article called “Advice, like youth, probably just wasted on the young” written by Mary Schmich in 1997 and reading the lyrics are hauntingly familiar all these years later!]]></description>
		
		
		
			</item>
		<item>
		<title>The start of the end</title>
		<link>/blog/2012/03/31/the-start-of-the-end/</link>
					<comments>/blog/2012/03/31/the-start-of-the-end/#comments</comments>
		
		<dc:creator><![CDATA[Stefan]]></dc:creator>
		<pubDate>Sat, 31 Mar 2012 02:06:27 +0000</pubDate>
				<category><![CDATA[Journal]]></category>
		<category><![CDATA[Travel]]></category>
		<guid isPermaLink="false">/?p=1551</guid>

					<description><![CDATA[A dramatic title with so many questions – the end of what? Am I finished with travelling? Am I going home? Well, no, not quite, but then I’m settling down for a while and this has been a long time coming.]]></description>
		
					<wfw:commentRss>/blog/2012/03/31/the-start-of-the-end/feed/</wfw:commentRss>
			<slash:comments>1</slash:comments>
		
		
			</item>
		<item>
		<title>Sleeping in a dorm &#8211; how to practice</title>
		<link>/blog/2012/02/29/sleeping-in-a-dorm-how-to-practice/</link>
		
		<dc:creator><![CDATA[Stefan]]></dc:creator>
		<pubDate>Wed, 29 Feb 2012 03:51:05 +0000</pubDate>
				<category><![CDATA[Journal]]></category>
		<category><![CDATA[Tips]]></category>
		<category><![CDATA[Travel]]></category>
		<guid isPermaLink="false">/?p=1536</guid>

					<description><![CDATA[One aspect of travelling that was new to me (and presumably most people) is sleeping in dormitories – here are a few ways you can prepare yourself.]]></description>
		
		
		
			</item>
		<item>
		<title>Returning to my biking ways</title>
		<link>/blog/2012/02/15/returning-to-my-biking-ways/</link>
		
		<dc:creator><![CDATA[Stefan]]></dc:creator>
		<pubDate>Wed, 15 Feb 2012 07:14:00 +0000</pubDate>
				<category><![CDATA[Cambodia]]></category>
		<category><![CDATA[Journal]]></category>
		<category><![CDATA[Travel]]></category>
		<guid isPermaLink="false">/?p=1500</guid>

					<description><![CDATA[I always liked riding bikes as a kid but in recent years started to ride a Mountain Bike with vengeance pushing myself hard both physically and technically. I’ve ridden bikes a few times as I travelled but never felt fully fulfilled – In Siem Reap I tried again and boy did it turn out well.]]></description>
		
		
		
		<georss:point>13.4256001 103.8600006</georss:point>	</item>
		<item>
		<title>Today, I&#8217;m hating travelling</title>
		<link>/blog/2012/02/01/today-im-hating-travelling/</link>
					<comments>/blog/2012/02/01/today-im-hating-travelling/#comments</comments>
		
		<dc:creator><![CDATA[Stefan]]></dc:creator>
		<pubDate>Wed, 01 Feb 2012 06:56:22 +0000</pubDate>
				<category><![CDATA[Journal]]></category>
		<category><![CDATA[Travel]]></category>
		<guid isPermaLink="false">/?p=1411</guid>

					<description><![CDATA[Everyone always talks about how great travelling is, how you meet so many people you are never alone and how you see loads of interesting things. It’s not all like that. There are days when you get sick of travelling and you just want to give it all up…]]></description>
		
					<wfw:commentRss>/blog/2012/02/01/today-im-hating-travelling/feed/</wfw:commentRss>
			<slash:comments>1</slash:comments>
		
		
			</item>
		<item>
		<title>A different type of Christmas</title>
		<link>/blog/2011/12/27/a-different-type-of-christmas/</link>
		
		<dc:creator><![CDATA[Stefan]]></dc:creator>
		<pubDate>Tue, 27 Dec 2011 08:10:13 +0000</pubDate>
				<category><![CDATA[Journal]]></category>
		<category><![CDATA[Travel]]></category>
		<category><![CDATA[Vietnam]]></category>
		<guid isPermaLink="false">/?p=1246</guid>

					<description><![CDATA[As 2011 comes to a close, it brings with it not only an eight month anniversary of travelling but also my first holiday season away from my family. It’s a strange to be surrounded by 63 other travellers and partying all day!]]></description>
		
		
		
		<georss:point>21.0333328 105.8499985</georss:point>	</item>
		<item>
		<title>12 Days Of Christmas &#8211; 1 Happy Traveller</title>
		<link>/blog/2011/12/24/12-days-of-christmas-1-happy-traveller/</link>
		
		<dc:creator><![CDATA[Stefan]]></dc:creator>
		<pubDate>Sat, 24 Dec 2011 07:12:51 +0000</pubDate>
				<category><![CDATA[Journal]]></category>
		<category><![CDATA[Travel]]></category>
		<guid isPermaLink="false">/?p=1128</guid>

					<description><![CDATA[morrow is Christmas Day and thus ends my 12 day countdown. I hope you've enjoyed reading them as much I did thinking about them and that Santa brings you something nice. There is only one thing left to say, Merry Christmas everyone.]]></description>
		
		
		
			</item>
		<item>
		<title>12 Days Of Christmas &#8211; 2 Hemispheres played in</title>
		<link>/blog/2011/12/23/12-days-of-christmas-2-hemispheres-played-in/</link>
		
		<dc:creator><![CDATA[Stefan]]></dc:creator>
		<pubDate>Fri, 23 Dec 2011 08:20:54 +0000</pubDate>
				<category><![CDATA[Journal]]></category>
		<category><![CDATA[Travel]]></category>
		<guid isPermaLink="false">/?p=1125</guid>

					<description><![CDATA[It’s Christmas Eve Eve and Santa is readying the sleigh, feeding up the reindeers, polishing Rudolf’s nose and checking the naughty and nice list one last time. He’ll start his journey in the Southern Hemisphere just East of Australia and finish up in the Northern Hemisphere near Hawaii. I wonder if he has as much [&#8230;]]]></description>
		
		
		
			</item>
		<item>
		<title>12 Days of Christmas &#8211; 3 Border Crossings</title>
		<link>/blog/2011/12/22/12-days-of-christmas-3-border-crossings/</link>
		
		<dc:creator><![CDATA[Stefan]]></dc:creator>
		<pubDate>Thu, 22 Dec 2011 07:45:41 +0000</pubDate>
				<category><![CDATA[Journal]]></category>
		<category><![CDATA[Travel]]></category>
		<guid isPermaLink="false">/?p=1122</guid>

					<description><![CDATA[Border crossing should be routine and easily accomplished but as any traveller knows, this is far from the case. Continuing the 12 Days of Christmas countdown, here are 3 of my more troublesome encounters.]]></description>
		
		
		
			</item>
		<item>
		<title>12 Days of Christmas &#8211; 4 injuries accumulated</title>
		<link>/blog/2011/12/21/12-days-of-christmas-4-injuries-accumulated/</link>
		
		<dc:creator><![CDATA[Stefan]]></dc:creator>
		<pubDate>Wed, 21 Dec 2011 07:25:00 +0000</pubDate>
				<category><![CDATA[Journal]]></category>
		<category><![CDATA[Travel]]></category>
		<guid isPermaLink="false">/?p=1096</guid>

					<description><![CDATA[This one will make my mother cringe – my travels haven’t exactly been injury free, here are four of the more interesting problems I’ve had…]]></description>
		
		
		
			</item>
	</channel>
</rss>
