<?xml version="1.0" encoding="UTF-8"?><rss version="2.0"
	xmlns:content="http://purl.org/rss/1.0/modules/content/"
	xmlns:wfw="http://wellformedweb.org/CommentAPI/"
	xmlns:dc="http://purl.org/dc/elements/1.1/"
	xmlns:atom="http://www.w3.org/2005/Atom"
	xmlns:sy="http://purl.org/rss/1.0/modules/syndication/"
	xmlns:slash="http://purl.org/rss/1.0/modules/slash/"
	xmlns:georss="http://www.georss.org/georss" >

<channel>
	<title>Canal &#8211; StefanCarlton.net</title>
	<atom:link href="/blog/tag/canal/feed/" rel="self" type="application/rss+xml" />
	<link>/</link>
	<description>my little place on the web</description>
	<lastBuildDate>Sun, 27 Sep 2020 05:57:39 +0000</lastBuildDate>
	<language>en-US</language>
	<sy:updatePeriod>
	hourly	</sy:updatePeriod>
	<sy:updateFrequency>
	1	</sy:updateFrequency>
	<generator>https://wordpress.org/?v=6.2.2</generator>
	<item>
		<title>Panama City and the Panama Canal</title>
		<link>/blog/2011/08/24/panama-city-and-the-panama-canal/</link>
		
		<dc:creator><![CDATA[Stefan]]></dc:creator>
		<pubDate>Wed, 24 Aug 2011 23:05:56 +0000</pubDate>
				<category><![CDATA[Panama]]></category>
		<category><![CDATA[Travel]]></category>
		<category><![CDATA[Canal]]></category>
		<guid isPermaLink="false">/?p=657</guid>

					<description><![CDATA[After I got my rucksack back I went out and walked to Casa Viejo for a look around the “old” town. It’s a nice looking place with old buildings and nice architecture but I can see why it has a reputation of been a bit dodgy. It has an odd feeling about it and a [&#8230;]]]></description>
		
		
		
		<georss:point>8.9942694 -79.5187912</georss:point>	</item>
	</channel>
</rss>
