<?xml version="1.0" encoding="UTF-8"?><rss version="2.0"
	xmlns:content="http://purl.org/rss/1.0/modules/content/"
	xmlns:wfw="http://wellformedweb.org/CommentAPI/"
	xmlns:dc="http://purl.org/dc/elements/1.1/"
	xmlns:atom="http://www.w3.org/2005/Atom"
	xmlns:sy="http://purl.org/rss/1.0/modules/syndication/"
	xmlns:slash="http://purl.org/rss/1.0/modules/slash/"
	xmlns:georss="http://www.georss.org/georss" >

<channel>
	<title>Nicaragua &#8211; StefanCarlton.net</title>
	<atom:link href="/blog/category/locations/central-america/nicaragua/feed/" rel="self" type="application/rss+xml" />
	<link>/</link>
	<description>my little place on the web</description>
	<lastBuildDate>Sun, 27 Sep 2020 05:57:39 +0000</lastBuildDate>
	<language>en-US</language>
	<sy:updatePeriod>
	hourly	</sy:updatePeriod>
	<sy:updateFrequency>
	1	</sy:updateFrequency>
	<generator>https://wordpress.org/?v=6.2.2</generator>
	<item>
		<title>Estelli and Somoto</title>
		<link>/blog/2011/09/14/estelli-and-somoto/</link>
		
		<dc:creator><![CDATA[Stefan]]></dc:creator>
		<pubDate>Wed, 14 Sep 2011 23:04:05 +0000</pubDate>
				<category><![CDATA[Nicaragua]]></category>
		<category><![CDATA[Travel]]></category>
		<guid isPermaLink="false">/?p=710</guid>

					<description><![CDATA[I wanted to visit the two working towns of Nicaragua, Montagalpa and Estelli in Nicaragua but a change of plans meant I moved quickly through from Leon to Estelli and then into Somoto canyon. Estelli seemed nice enough for the evening I was there as there was a party in the street and a impromptu [&#8230;]]]></description>
		
		
		
		<georss:point>13.4833336 -86.5833359</georss:point>	</item>
		<item>
		<title>Volcano Boarding, Leon</title>
		<link>/blog/2011/09/12/volcano-boarding-leon/</link>
		
		<dc:creator><![CDATA[Stefan]]></dc:creator>
		<pubDate>Mon, 12 Sep 2011 03:41:06 +0000</pubDate>
				<category><![CDATA[Nicaragua]]></category>
		<category><![CDATA[Travel]]></category>
		<guid isPermaLink="false">/?p=692</guid>

					<description><![CDATA[Many moons ago I was desperate to go Sand boarding in Ica, Peru but the protests at the border and the necessity of a flight from La Paz to Lima meant I missed the opportunity so I ensured I didn’t miss out on Volcano Boarding in Leon! I’d known about Volcano boarding for years as [&#8230;]]]></description>
		
		
		
		<georss:point>12.5092039 -86.6611099</georss:point>	</item>
		<item>
		<title>Random happenings in Leon</title>
		<link>/blog/2011/09/10/random-happenings-in-leon/</link>
		
		<dc:creator><![CDATA[Stefan]]></dc:creator>
		<pubDate>Sat, 10 Sep 2011 23:41:27 +0000</pubDate>
				<category><![CDATA[Nicaragua]]></category>
		<category><![CDATA[Travel]]></category>
		<guid isPermaLink="false">/?p=693</guid>

					<description><![CDATA[I was told that Leon was meant to be a really pretty city but I found it to be a bit of a dump. I arrived and started walking down to the hostel and managed to get half-way before the heavens opened and I had to called it a day and hail a taxi. After [&#8230;]]]></description>
		
		
		
		<georss:point>12.4354553 -86.8808365</georss:point>	</item>
		<item>
		<title>Masaya market</title>
		<link>/blog/2011/09/08/masaya-market/</link>
		
		<dc:creator><![CDATA[Stefan]]></dc:creator>
		<pubDate>Thu, 08 Sep 2011 23:40:43 +0000</pubDate>
				<category><![CDATA[Nicaragua]]></category>
		<category><![CDATA[Travel]]></category>
		<guid isPermaLink="false">/?p=691</guid>

					<description><![CDATA[On my last day in San Juan Del Sur I fell in the sea and hit my left foot against some rocks badly scrapping the top. It was fine at the time but after the humidity and dampness of Volcano climbing in Isla De Omtempe, it had become infected and was weeping constantly, I thus [&#8230;]]]></description>
		
		
		
		<georss:point>11.9685898 -86.0945816</georss:point>	</item>
		<item>
		<title>Hiking my first volcano &#8211; Madera, Isla De Ometepe</title>
		<link>/blog/2011/09/06/hiking-my-first-volcano-madera-isla-de-ometepe/</link>
					<comments>/blog/2011/09/06/hiking-my-first-volcano-madera-isla-de-ometepe/#comments</comments>
		
		<dc:creator><![CDATA[Stefan]]></dc:creator>
		<pubDate>Tue, 06 Sep 2011 23:15:00 +0000</pubDate>
				<category><![CDATA[Nicaragua]]></category>
		<category><![CDATA[Travel]]></category>
		<guid isPermaLink="false">/?p=683</guid>

					<description><![CDATA[I’ve always wanted to hike and play on a Volcano and on Isla De Ometepe I had my first chance. A group was going the following day so we decided to climb Madera as it’s the easier climb but it’s still quite brutal! We started at lake level (which is pretty much sea level) and [&#8230;]]]></description>
		
					<wfw:commentRss>/blog/2011/09/06/hiking-my-first-volcano-madera-isla-de-ometepe/feed/</wfw:commentRss>
			<slash:comments>1</slash:comments>
		
		
		<georss:point>11.5000000 -85.5833359</georss:point>	</item>
		<item>
		<title>San Juan Del Sur</title>
		<link>/blog/2011/09/04/san-juan-del-sur/</link>
		
		<dc:creator><![CDATA[Stefan]]></dc:creator>
		<pubDate>Sun, 04 Sep 2011 23:30:09 +0000</pubDate>
				<category><![CDATA[Nicaragua]]></category>
		<category><![CDATA[Travel]]></category>
		<guid isPermaLink="false">/?p=681</guid>

					<description><![CDATA[San Juan Del Sur is just like Bocas Del Toro, except a bit cheaper and nastier. The sand is Volcanic so is a dirty grey rather than a crisp white and the whole town feels, well, cheap. I arrived with Chance and Alexandra and we took a cheap hostel towards the back of town, had [&#8230;]]]></description>
		
		
		
		<georss:point>11.2526302 -85.8696518</georss:point>	</item>
	</channel>
</rss>
