<?xml version="1.0" encoding="UTF-8"?><rss version="2.0"
	xmlns:content="http://purl.org/rss/1.0/modules/content/"
	xmlns:wfw="http://wellformedweb.org/CommentAPI/"
	xmlns:dc="http://purl.org/dc/elements/1.1/"
	xmlns:atom="http://www.w3.org/2005/Atom"
	xmlns:sy="http://purl.org/rss/1.0/modules/syndication/"
	xmlns:slash="http://purl.org/rss/1.0/modules/slash/"
	xmlns:georss="http://www.georss.org/georss" >

<channel>
	<title>Peru &#8211; StefanCarlton.net</title>
	<atom:link href="/blog/category/locations/south-america/peru/feed/" rel="self" type="application/rss+xml" />
	<link>/</link>
	<description>my little place on the web</description>
	<lastBuildDate>Sun, 27 Sep 2020 05:57:44 +0000</lastBuildDate>
	<language>en-US</language>
	<sy:updatePeriod>
	hourly	</sy:updatePeriod>
	<sy:updateFrequency>
	1	</sy:updateFrequency>
	<generator>https://wordpress.org/?v=6.2.2</generator>
	<item>
		<title>Smiling and Pointing at things in South America</title>
		<link>/blog/2011/08/04/smiling-and-pointing-at-things-in-south-america/</link>
		
		<dc:creator><![CDATA[Stefan]]></dc:creator>
		<pubDate>Thu, 04 Aug 2011 15:45:47 +0000</pubDate>
				<category><![CDATA[Bolivia]]></category>
		<category><![CDATA[Ecuador]]></category>
		<category><![CDATA[Peru]]></category>
		<category><![CDATA[Travel]]></category>
		<category><![CDATA[cusco]]></category>
		<category><![CDATA[Galapagos]]></category>
		<category><![CDATA[la paz]]></category>
		<category><![CDATA[lagoon]]></category>
		<category><![CDATA[Machu Picchu]]></category>
		<category><![CDATA[mountain bike]]></category>
		<category><![CDATA[rurrenbaque]]></category>
		<category><![CDATA[tupiza]]></category>
		<guid isPermaLink="false">/?p=608</guid>

					<description><![CDATA[My mother may have taught me that pointing at things is rude, but it hasn&#8217;t stopped me in South America. Here are my favourites&#8230;]]></description>
		
		
		
			</item>
		<item>
		<title>On Northern Peru</title>
		<link>/blog/2011/07/25/on-northern-peru/</link>
		
		<dc:creator><![CDATA[Stefan]]></dc:creator>
		<pubDate>Mon, 25 Jul 2011 23:16:00 +0000</pubDate>
				<category><![CDATA[Peru]]></category>
		<category><![CDATA[Travel]]></category>
		<category><![CDATA[mountain bike]]></category>
		<category><![CDATA[onPlaces]]></category>
		<category><![CDATA[scammed]]></category>
		<guid isPermaLink="false">/?p=475</guid>

					<description><![CDATA[After leaving Lima, I motored through Northern Peru staying at most one day in each location, it seemed daft therefore to dedicate a post to each place. Here is a round-up of my travels through Northern Peru… Huaraz My first stop after leaving Lima was the trekker’s haven in the Cordillera’s for a spot of [&#8230;]]]></description>
		
		
		
		<georss:point>-4.0999999 -81.0500031</georss:point>	</item>
		<item>
		<title>Mountain biking in Huaraz</title>
		<link>/blog/2011/07/22/mountain-biking-in-huaraz/</link>
		
		<dc:creator><![CDATA[Stefan]]></dc:creator>
		<pubDate>Fri, 22 Jul 2011 23:31:39 +0000</pubDate>
				<category><![CDATA[Peru]]></category>
		<category><![CDATA[Travel]]></category>
		<category><![CDATA[mountain bike]]></category>
		<guid isPermaLink="false">/?p=474</guid>

					<description><![CDATA[One of the things I’m missing here is my mountain bike and exercise. Throughout Peru and Bolivia I’ve found it hard to do anything other than relax due to the altitude, but since I was coping better I decided to try my hand again in Huaraz. Since I’d missed the first day by arriving late, [&#8230;]]]></description>
		
		
		
		<georss:point>-9.5333328 -77.5333328</georss:point>	</item>
		<item>
		<title>On Lima</title>
		<link>/blog/2011/07/20/on-lima/</link>
		
		<dc:creator><![CDATA[Stefan]]></dc:creator>
		<pubDate>Wed, 20 Jul 2011 23:39:09 +0000</pubDate>
				<category><![CDATA[Peru]]></category>
		<category><![CDATA[Travel]]></category>
		<category><![CDATA[Lima]]></category>
		<category><![CDATA[onPlaces]]></category>
		<guid isPermaLink="false">/?p=476</guid>

					<description><![CDATA[Getting out of Bolivia was a swine. I waited, waited, and then waited some more for the border to open before eventually deciding to simply fly out. Turns out even flying out was a nightmare as the LAN.com website refused to work for me refusing to dispense a ticket but happily charging me three times. [&#8230;]]]></description>
		
		
		
		<georss:point>-12.0433331 -77.0283356</georss:point>	</item>
		<item>
		<title>Scammed, it had to happen even though I was careful!</title>
		<link>/blog/2011/07/20/scammed-it-had-to-happen-even-though-i-was-careful/</link>
		
		<dc:creator><![CDATA[Stefan]]></dc:creator>
		<pubDate>Wed, 20 Jul 2011 02:23:13 +0000</pubDate>
				<category><![CDATA[Peru]]></category>
		<category><![CDATA[Travel]]></category>
		<category><![CDATA[journal]]></category>
		<category><![CDATA[traveller beware]]></category>
		<category><![CDATA[Trillijo]]></category>
		<guid isPermaLink="false">/?p=477</guid>

					<description><![CDATA[I read all the guide books. I read all the “danger you will die whilst travelling” information. I always split my monies up and never carried anything valuable with me. I did everything I could to be careful and I still managed to be scammed, lose £30 and have my mobile stolen. It was so [&#8230;]]]></description>
		
		
		
		<georss:point>-8.1120005 -79.0288010</georss:point>	</item>
		<item>
		<title>Lima&#8217;s Magic Water Circuit, Parque de la Reserva</title>
		<link>/blog/2011/07/08/limas-magic-water-circuit-parque-de-la-reserva/</link>
					<comments>/blog/2011/07/08/limas-magic-water-circuit-parque-de-la-reserva/#comments</comments>
		
		<dc:creator><![CDATA[Stefan]]></dc:creator>
		<pubDate>Fri, 08 Jul 2011 23:59:00 +0000</pubDate>
				<category><![CDATA[Peru]]></category>
		<category><![CDATA[Travel]]></category>
		<category><![CDATA[Fountain]]></category>
		<category><![CDATA[Lima]]></category>
		<category><![CDATA[sights]]></category>
		<category><![CDATA[Water]]></category>
		<guid isPermaLink="false">/?p=457</guid>

					<description><![CDATA[I found out about the Magical Water Circuit in Lima by accident when trawling the web to see what was a-happening here. According to Wikipedia it was built by the President, cost $13m and is the largest fountain complex in the world. What ever stats it has, it’s simply kinda cool! I took a taxi [&#8230;]]]></description>
		
					<wfw:commentRss>/blog/2011/07/08/limas-magic-water-circuit-parque-de-la-reserva/feed/</wfw:commentRss>
			<slash:comments>2</slash:comments>
		
		
		<georss:point>-12.0713053 -77.0342941</georss:point>	</item>
		<item>
		<title>Leaving Cusco for Bolivia &#8211; a bit of an adventure</title>
		<link>/blog/2011/05/22/leaving-cusco-for-bolivia-a-bit-of-an-adventure/</link>
		
		<dc:creator><![CDATA[Stefan]]></dc:creator>
		<pubDate>Sun, 22 May 2011 23:30:23 +0000</pubDate>
				<category><![CDATA[Bolivia]]></category>
		<category><![CDATA[Peru]]></category>
		<category><![CDATA[Travel]]></category>
		<category><![CDATA[blockade]]></category>
		<category><![CDATA[boat]]></category>
		<category><![CDATA[copacabana]]></category>
		<category><![CDATA[lake titicaca]]></category>
		<category><![CDATA[puno]]></category>
		<category><![CDATA[roadblocks]]></category>
		<guid isPermaLink="false">/?p=318</guid>

					<description><![CDATA[Plans change all the time and sometimes they change very quickly. My original idea was to leave Cusco on Saturday and travel during the day to Puno, stay overnight, see the sights on the Sunday morning and then move on to Copacabana on Sunday afternoon. Things didn’t quite go to plan. First of all, the [&#8230;]]]></description>
		
		
		
		<georss:point>-15.8433332 -70.0236130</georss:point>	</item>
		<item>
		<title>On Cusco</title>
		<link>/blog/2011/05/14/on-cusco/</link>
		
		<dc:creator><![CDATA[Stefan]]></dc:creator>
		<pubDate>Sat, 14 May 2011 19:45:52 +0000</pubDate>
				<category><![CDATA[Peru]]></category>
		<category><![CDATA[Travel]]></category>
		<category><![CDATA[cities]]></category>
		<category><![CDATA[cusco]]></category>
		<category><![CDATA[onPlaces]]></category>
		<guid isPermaLink="false">/?p=312</guid>

					<description><![CDATA[Is it Cusco or Cuzco? The two seem interchangeable and I’m not quite sure which is right. I’m  going for Cusco. Cusco is a strange place. It’s full of tourists and the main areas are clearly geared up to catering for them with expensive restaurants, Irish bars, Western Cuisine, McDonalds and shortly a Starbucks. Step [&#8230;]]]></description>
		
		
		
		<georss:point>-13.5249996 -71.9722214</georss:point>	</item>
		<item>
		<title>The Inca Trail and Machu Picchu</title>
		<link>/blog/2011/05/13/the-inca-trail-and-machu-picchu/</link>
					<comments>/blog/2011/05/13/the-inca-trail-and-machu-picchu/#comments</comments>
		
		<dc:creator><![CDATA[Stefan]]></dc:creator>
		<pubDate>Fri, 13 May 2011 17:40:49 +0000</pubDate>
				<category><![CDATA[Peru]]></category>
		<category><![CDATA[Travel]]></category>
		<category><![CDATA[cusco]]></category>
		<category><![CDATA[Inca Trail]]></category>
		<category><![CDATA[Machu Picchu]]></category>
		<category><![CDATA[sights]]></category>
		<guid isPermaLink="false">/?p=291</guid>

					<description><![CDATA[Day One – Cusco to Wayllabamba An early start meant that I needed to have everything packed and sorted the night before so I did. An late-ish night and a lack of sleep meant I had to fight to get out of bed as the bus collected me at 0521 and we were off. The [&#8230;]]]></description>
		
					<wfw:commentRss>/blog/2011/05/13/the-inca-trail-and-machu-picchu/feed/</wfw:commentRss>
			<slash:comments>2</slash:comments>
		
		
		<georss:point>-13.1639566 -72.5459900</georss:point>	</item>
		<item>
		<title>Sacsayhuam&#225;n</title>
		<link>/blog/2011/05/07/sacsayhuamn/</link>
		
		<dc:creator><![CDATA[Stefan]]></dc:creator>
		<pubDate>Sat, 07 May 2011 16:43:57 +0000</pubDate>
				<category><![CDATA[Peru]]></category>
		<category><![CDATA[Travel]]></category>
		<category><![CDATA[cusco]]></category>
		<category><![CDATA[Sacred Valley]]></category>
		<category><![CDATA[Sacsayhuamán]]></category>
		<category><![CDATA[sights]]></category>
		<guid isPermaLink="false">/travel/sacsayhuamn/</guid>

					<description><![CDATA[After a late start I decided to take the Lonely Planets walking tour of Cusco and whilst going over old ground, I enjoyed sauntering along passing the time. The end of the walk is a trek up to Sacsayhuamán, which I did, but in a different way to that listed. The standard way is to [&#8230;]]]></description>
		
		
		
		<georss:point>-13.5050344 -71.9801407</georss:point>	</item>
	</channel>
</rss>
