<?xml version="1.0" encoding="UTF-8"?><rss version="2.0"
	xmlns:content="http://purl.org/rss/1.0/modules/content/"
	xmlns:wfw="http://wellformedweb.org/CommentAPI/"
	xmlns:dc="http://purl.org/dc/elements/1.1/"
	xmlns:atom="http://www.w3.org/2005/Atom"
	xmlns:sy="http://purl.org/rss/1.0/modules/syndication/"
	xmlns:slash="http://purl.org/rss/1.0/modules/slash/"
	xmlns:georss="http://www.georss.org/georss" >

<channel>
	<title>Travel &#8211; StefanCarlton.net</title>
	<atom:link href="/blog/category/travel/feed/" rel="self" type="application/rss+xml" />
	<link>/</link>
	<description>my little place on the web</description>
	<lastBuildDate>Sun, 27 Sep 2020 05:57:32 +0000</lastBuildDate>
	<language>en-US</language>
	<sy:updatePeriod>
	hourly	</sy:updatePeriod>
	<sy:updateFrequency>
	1	</sy:updateFrequency>
	<generator>https://wordpress.org/?v=6.2.2</generator>
	<item>
		<title>You know something, Mary Schmich &#038; Baz Luhrman were right (Everyone is Free)</title>
		<link>/blog/2012/04/02/you-know-something-mary-schmich-baz-luhrman-were-right/</link>
		
		<dc:creator><![CDATA[Stefan]]></dc:creator>
		<pubDate>Mon, 02 Apr 2012 02:15:44 +0000</pubDate>
				<category><![CDATA[Journal]]></category>
		<category><![CDATA[Travel]]></category>
		<guid isPermaLink="false">/?p=1569</guid>

					<description><![CDATA[Thirteen years ago a song was released which addressed many of the insecurities that we all feel. It dispensed advice and explained that whilst ultimately our existence wouldn’t change, we could do something to feel better about ourselves. The song itself was based on an article called “Advice, like youth, probably just wasted on the young” written by Mary Schmich in 1997 and reading the lyrics are hauntingly familiar all these years later!]]></description>
		
		
		
			</item>
		<item>
		<title>The start of the end</title>
		<link>/blog/2012/03/31/the-start-of-the-end/</link>
					<comments>/blog/2012/03/31/the-start-of-the-end/#comments</comments>
		
		<dc:creator><![CDATA[Stefan]]></dc:creator>
		<pubDate>Sat, 31 Mar 2012 02:06:27 +0000</pubDate>
				<category><![CDATA[Journal]]></category>
		<category><![CDATA[Travel]]></category>
		<guid isPermaLink="false">/?p=1551</guid>

					<description><![CDATA[A dramatic title with so many questions – the end of what? Am I finished with travelling? Am I going home? Well, no, not quite, but then I’m settling down for a while and this has been a long time coming.]]></description>
		
					<wfw:commentRss>/blog/2012/03/31/the-start-of-the-end/feed/</wfw:commentRss>
			<slash:comments>1</slash:comments>
		
		
			</item>
		<item>
		<title>Finishing off in South East Asia</title>
		<link>/blog/2012/03/25/finishing-off-in-south-east-asia/</link>
		
		<dc:creator><![CDATA[Stefan]]></dc:creator>
		<pubDate>Sun, 25 Mar 2012 00:21:24 +0000</pubDate>
				<category><![CDATA[Cambodia]]></category>
		<category><![CDATA[Singapore]]></category>
		<category><![CDATA[Thailand]]></category>
		<category><![CDATA[Travel]]></category>
		<guid isPermaLink="false">/?p=1543</guid>

					<description><![CDATA[It’s about one month since I last wrote a blog post partially due to a bit of writers block so I thought I’d jot down a note saying how I finished off my time in South East Asia.]]></description>
		
		
		
		<georss:point>6.4986110 99.3083344</georss:point>	</item>
		<item>
		<title>Sleeping in a dorm &#8211; how to practice</title>
		<link>/blog/2012/02/29/sleeping-in-a-dorm-how-to-practice/</link>
		
		<dc:creator><![CDATA[Stefan]]></dc:creator>
		<pubDate>Wed, 29 Feb 2012 03:51:05 +0000</pubDate>
				<category><![CDATA[Journal]]></category>
		<category><![CDATA[Tips]]></category>
		<category><![CDATA[Travel]]></category>
		<guid isPermaLink="false">/?p=1536</guid>

					<description><![CDATA[One aspect of travelling that was new to me (and presumably most people) is sleeping in dormitories – here are a few ways you can prepare yourself.]]></description>
		
		
		
			</item>
		<item>
		<title>Riding the Bamboo train in Battambang</title>
		<link>/blog/2012/02/19/riding-the-bamboo-train-in-battambang/</link>
		
		<dc:creator><![CDATA[Stefan]]></dc:creator>
		<pubDate>Sun, 19 Feb 2012 06:43:56 +0000</pubDate>
				<category><![CDATA[Cambodia]]></category>
		<category><![CDATA[Travel]]></category>
		<guid isPermaLink="false">/?p=1526</guid>

					<description><![CDATA[Many years ago I came across something that seemed archaic – a train made out of bamboo which was dismantled and re-made as it rumbled along the track. It seemed otherworldly and quaint. When someone mentioned it was in Cambodia, I knew I was making a detour!]]></description>
		
		
		
		<georss:point>13.0286970 102.9896164</georss:point>	</item>
		<item>
		<title>Angkor</title>
		<link>/blog/2012/02/17/angkor/</link>
		
		<dc:creator><![CDATA[Stefan]]></dc:creator>
		<pubDate>Fri, 17 Feb 2012 06:41:00 +0000</pubDate>
				<category><![CDATA[Cambodia]]></category>
		<category><![CDATA[Travel]]></category>
		<guid isPermaLink="false">/?p=1514</guid>

					<description><![CDATA[Ten years ago Angkor wasn’t really on the tourist map but nowadays it’s the doozie here in Cambodia. It’s listed as one of the “must see” things and everyone raves about the beauty and spectacular’ness of it all. Just outside Angkor, Siem Reap, is a tourist haven with it’s cheap beds and great food, just a shame there isn’t much to do other than Angkor…]]></description>
		
		
		
		<georss:point>13.4256001 103.8600006</georss:point>	</item>
		<item>
		<title>Returning to my biking ways</title>
		<link>/blog/2012/02/15/returning-to-my-biking-ways/</link>
		
		<dc:creator><![CDATA[Stefan]]></dc:creator>
		<pubDate>Wed, 15 Feb 2012 07:14:00 +0000</pubDate>
				<category><![CDATA[Cambodia]]></category>
		<category><![CDATA[Journal]]></category>
		<category><![CDATA[Travel]]></category>
		<guid isPermaLink="false">/?p=1500</guid>

					<description><![CDATA[I always liked riding bikes as a kid but in recent years started to ride a Mountain Bike with vengeance pushing myself hard both physically and technically. I’ve ridden bikes a few times as I travelled but never felt fully fulfilled – In Siem Reap I tried again and boy did it turn out well.]]></description>
		
		
		
		<georss:point>13.4256001 103.8600006</georss:point>	</item>
		<item>
		<title>A little bit of Cambodian History &#8211; S21 and The Killing Fields</title>
		<link>/blog/2012/02/13/a-little-bit-of-cambodian-historys21-and-the-killing-fields/</link>
		
		<dc:creator><![CDATA[Stefan]]></dc:creator>
		<pubDate>Mon, 13 Feb 2012 07:07:00 +0000</pubDate>
				<category><![CDATA[Cambodia]]></category>
		<category><![CDATA[Travel]]></category>
		<guid isPermaLink="false">/?p=1482</guid>

					<description><![CDATA[I’m not usually that emotional a guy and don’t tend to be affected by the typical “upsetting” things. However, in Phnom Penh, Security Prison 21 (S21) and The Killing Fields got to me, I was choked up and close to tears walking around. It’s just plain horrible and tugged on my heart strings like nothing else before.]]></description>
		
		
		
		<georss:point>11.5588312 104.9174423</georss:point>	</item>
		<item>
		<title>Kampot and Kep</title>
		<link>/blog/2012/02/11/kampot-and-kep/</link>
		
		<dc:creator><![CDATA[Stefan]]></dc:creator>
		<pubDate>Sat, 11 Feb 2012 07:10:00 +0000</pubDate>
				<category><![CDATA[Cambodia]]></category>
		<category><![CDATA[Travel]]></category>
		<guid isPermaLink="false">/?p=1475</guid>

					<description><![CDATA[In the south of Cambodia, two hours from Sihanoukville is a sleepy little town called Kampot. It was initially a bad choice as I needed some excitement but once we found it, Kampot became a great place to be.]]></description>
		
		
		
		<georss:point>10.6063004 104.1819000</georss:point>	</item>
		<item>
		<title>Sihanoukville or is it Shagaluff?</title>
		<link>/blog/2012/02/09/sihanoukville-or-is-it-shagaluff/</link>
		
		<dc:creator><![CDATA[Stefan]]></dc:creator>
		<pubDate>Thu, 09 Feb 2012 07:23:00 +0000</pubDate>
				<category><![CDATA[Cambodia]]></category>
		<category><![CDATA[Travel]]></category>
		<guid isPermaLink="false">/?p=1440</guid>

					<description><![CDATA[Welcome to Cambodia, first stop Sihanoukville. My first impression was one of a over-bearing party-town, why then did I end up staying there for a week? What is the draw?]]></description>
		
		
		
		<georss:point>10.6062632 103.5247803</georss:point>	</item>
	</channel>
</rss>
