<?xml version="1.0" encoding="UTF-8"?><rss version="2.0"
	xmlns:content="http://purl.org/rss/1.0/modules/content/"
	xmlns:wfw="http://wellformedweb.org/CommentAPI/"
	xmlns:dc="http://purl.org/dc/elements/1.1/"
	xmlns:atom="http://www.w3.org/2005/Atom"
	xmlns:sy="http://purl.org/rss/1.0/modules/syndication/"
	xmlns:slash="http://purl.org/rss/1.0/modules/slash/"
	xmlns:georss="http://www.georss.org/georss" >

<channel>
	<title>sights &#8211; StefanCarlton.net</title>
	<atom:link href="/blog/tag/sights/feed/" rel="self" type="application/rss+xml" />
	<link>/</link>
	<description>my little place on the web</description>
	<lastBuildDate>Sun, 27 Sep 2020 05:57:44 +0000</lastBuildDate>
	<language>en-US</language>
	<sy:updatePeriod>
	hourly	</sy:updatePeriod>
	<sy:updateFrequency>
	1	</sy:updateFrequency>
	<generator>https://wordpress.org/?v=6.2.2</generator>
	<item>
		<title>Lima&#8217;s Magic Water Circuit, Parque de la Reserva</title>
		<link>/blog/2011/07/08/limas-magic-water-circuit-parque-de-la-reserva/</link>
					<comments>/blog/2011/07/08/limas-magic-water-circuit-parque-de-la-reserva/#comments</comments>
		
		<dc:creator><![CDATA[Stefan]]></dc:creator>
		<pubDate>Fri, 08 Jul 2011 23:59:00 +0000</pubDate>
				<category><![CDATA[Peru]]></category>
		<category><![CDATA[Travel]]></category>
		<category><![CDATA[Fountain]]></category>
		<category><![CDATA[Lima]]></category>
		<category><![CDATA[sights]]></category>
		<category><![CDATA[Water]]></category>
		<guid isPermaLink="false">/?p=457</guid>

					<description><![CDATA[I found out about the Magical Water Circuit in Lima by accident when trawling the web to see what was a-happening here. According to Wikipedia it was built by the President, cost $13m and is the largest fountain complex in the world. What ever stats it has, it’s simply kinda cool! I took a taxi [&#8230;]]]></description>
		
					<wfw:commentRss>/blog/2011/07/08/limas-magic-water-circuit-parque-de-la-reserva/feed/</wfw:commentRss>
			<slash:comments>2</slash:comments>
		
		
		<georss:point>-12.0713053 -77.0342941</georss:point>	</item>
		<item>
		<title>Tiwanaku Winter Solstice</title>
		<link>/blog/2011/07/03/tiwanaku-winter-solstice/</link>
		
		<dc:creator><![CDATA[Stefan]]></dc:creator>
		<pubDate>Sun, 03 Jul 2011 23:41:00 +0000</pubDate>
				<category><![CDATA[Bolivia]]></category>
		<category><![CDATA[Travel]]></category>
		<category><![CDATA[la paz]]></category>
		<category><![CDATA[sights]]></category>
		<category><![CDATA[Tiwanaku]]></category>
		<category><![CDATA[winter solstice]]></category>
		<guid isPermaLink="false">/?p=456</guid>

					<description><![CDATA[Winter Solstice (21st July) is a big thing in Latin America, for them it represents the change in season and thus the time to reap or sow the crop. As a result, many of the ancient temples are designed so that elements light up with the sunrise on the specific days (think Stonehenge in the [&#8230;]]]></description>
		
		
		
		<georss:point>-16.5519905 -68.6788177</georss:point>	</item>
		<item>
		<title>Trek to Dinosaur footprints via Maragua</title>
		<link>/blog/2011/06/18/trek-to-dinosaur-footprints-via-maragua/</link>
		
		<dc:creator><![CDATA[Stefan]]></dc:creator>
		<pubDate>Sat, 18 Jun 2011 23:11:00 +0000</pubDate>
				<category><![CDATA[Bolivia]]></category>
		<category><![CDATA[Travel]]></category>
		<category><![CDATA[dinosaur]]></category>
		<category><![CDATA[sights]]></category>
		<category><![CDATA[sucre]]></category>
		<guid isPermaLink="false">/?p=406</guid>

					<description><![CDATA[Whilst researching Sucre, there were three things I wanted to do – take a Spanish course, see the dinosaur footprints and pop up to the Meteor crater. Whilst visiting Tarabuco a new fiend, Kelly, mentioned that she was embarking on a trek the following day with some friends to visit the crater and some dinosaur [&#8230;]]]></description>
		
		
		
		<georss:point>-18.9572697 -65.7775269</georss:point>	</item>
		<item>
		<title>Tarabuco market</title>
		<link>/blog/2011/06/14/tarabuco-market/</link>
		
		<dc:creator><![CDATA[Stefan]]></dc:creator>
		<pubDate>Tue, 14 Jun 2011 23:27:18 +0000</pubDate>
				<category><![CDATA[Bolivia]]></category>
		<category><![CDATA[Travel]]></category>
		<category><![CDATA[market]]></category>
		<category><![CDATA[onPlaces]]></category>
		<category><![CDATA[sights]]></category>
		<guid isPermaLink="false">/?p=395</guid>

					<description><![CDATA[On Sunday’s there is a large market in Tarabuco, about 60km outside of Sucre. It’s mostly a tourist trap with many of the stalls selling the traditional chinz that no local would buy, but it’s worth a looksee given that the return bus is B$30 and it leaves directly outside my hostel. In the morning [&#8230;]]]></description>
		
		
		
		<georss:point>-19.1762600 -64.9166565</georss:point>	</item>
		<item>
		<title>Cholitas Wrestling</title>
		<link>/blog/2011/05/29/cholitas-wrestling/</link>
		
		<dc:creator><![CDATA[Stefan]]></dc:creator>
		<pubDate>Sun, 29 May 2011 03:24:00 +0000</pubDate>
				<category><![CDATA[Bolivia]]></category>
		<category><![CDATA[Travel]]></category>
		<category><![CDATA[la paz]]></category>
		<category><![CDATA[sights]]></category>
		<category><![CDATA[wrestling]]></category>
		<guid isPermaLink="false">/?p=370</guid>

					<description><![CDATA[One of the things that people say you must go see in La Paz is the Cholitas wrestling. Rumours fly around that it is this weird mix of Mexican wrestling with midgets thrown in and that  it’s a brilliant night out. I’m not a fan of wrestling for the most part, but decided that I [&#8230;]]]></description>
		
		
		
		<georss:point>-16.4990101 -68.1462479</georss:point>	</item>
		<item>
		<title>The Inca Trail and Machu Picchu</title>
		<link>/blog/2011/05/13/the-inca-trail-and-machu-picchu/</link>
					<comments>/blog/2011/05/13/the-inca-trail-and-machu-picchu/#comments</comments>
		
		<dc:creator><![CDATA[Stefan]]></dc:creator>
		<pubDate>Fri, 13 May 2011 17:40:49 +0000</pubDate>
				<category><![CDATA[Peru]]></category>
		<category><![CDATA[Travel]]></category>
		<category><![CDATA[cusco]]></category>
		<category><![CDATA[Inca Trail]]></category>
		<category><![CDATA[Machu Picchu]]></category>
		<category><![CDATA[sights]]></category>
		<guid isPermaLink="false">/?p=291</guid>

					<description><![CDATA[Day One – Cusco to Wayllabamba An early start meant that I needed to have everything packed and sorted the night before so I did. An late-ish night and a lack of sleep meant I had to fight to get out of bed as the bus collected me at 0521 and we were off. The [&#8230;]]]></description>
		
					<wfw:commentRss>/blog/2011/05/13/the-inca-trail-and-machu-picchu/feed/</wfw:commentRss>
			<slash:comments>2</slash:comments>
		
		
		<georss:point>-13.1639566 -72.5459900</georss:point>	</item>
		<item>
		<title>Sacsayhuam&#225;n</title>
		<link>/blog/2011/05/07/sacsayhuamn/</link>
		
		<dc:creator><![CDATA[Stefan]]></dc:creator>
		<pubDate>Sat, 07 May 2011 16:43:57 +0000</pubDate>
				<category><![CDATA[Peru]]></category>
		<category><![CDATA[Travel]]></category>
		<category><![CDATA[cusco]]></category>
		<category><![CDATA[Sacred Valley]]></category>
		<category><![CDATA[Sacsayhuamán]]></category>
		<category><![CDATA[sights]]></category>
		<guid isPermaLink="false">/travel/sacsayhuamn/</guid>

					<description><![CDATA[After a late start I decided to take the Lonely Planets walking tour of Cusco and whilst going over old ground, I enjoyed sauntering along passing the time. The end of the walk is a trek up to Sacsayhuamán, which I did, but in a different way to that listed. The standard way is to [&#8230;]]]></description>
		
		
		
		<georss:point>-13.5050344 -71.9801407</georss:point>	</item>
	</channel>
</rss>
