<?xml version="1.0" encoding="UTF-8"?><rss version="2.0"
	xmlns:content="http://purl.org/rss/1.0/modules/content/"
	xmlns:dc="http://purl.org/dc/elements/1.1/"
	xmlns:atom="http://www.w3.org/2005/Atom"
	xmlns:sy="http://purl.org/rss/1.0/modules/syndication/"
	xmlns:georss="http://www.georss.org/georss" 
	>
<channel>
	<title>
	Comments on: 12 Days of Christmas &#8211; 12 Hostel stories	</title>
	<atom:link href="/blog/2011/12/13/12-days-of-christmas-12-hostel-stories/feed/" rel="self" type="application/rss+xml" />
	<link>/blog/2011/12/13/12-days-of-christmas-12-hostel-stories/</link>
	<description>my little place on the web</description>
	<lastBuildDate>Sun, 27 Sep 2020 05:57:36 +0000</lastBuildDate>
	<sy:updatePeriod>
	hourly	</sy:updatePeriod>
	<sy:updateFrequency>
	1	</sy:updateFrequency>
	<generator>https://wordpress.org/?v=6.2.2</generator>
	<item>
		<title>
		By: kelaussie29		</title>
		<link>/blog/2011/12/13/12-days-of-christmas-12-hostel-stories/#comment-137</link>

		<dc:creator><![CDATA[kelaussie29]]></dc:creator>
		<pubDate>Tue, 13 Dec 2011 16:35:34 +0000</pubDate>
		<guid isPermaLink="false">/?p=1019#comment-137</guid>

					<description><![CDATA[RT @backpackforever: Ewww...Number 9! --&#062; 12 Days of #Hostel Stories http://t.co/8LNuBeAe via @stefancarlton #heybackpacker]]></description>
			<content:encoded><![CDATA[<p>RT @backpackforever: Ewww&#8230;Number 9! &#8211;&gt; 12 Days of #Hostel Stories <a href="http://t.co/8LNuBeAe" rel="nofollow ugc">http://t.co/8LNuBeAe</a> via @stefancarlton #heybackpacker</p>
]]></content:encoded>
		
			</item>
		<item>
		<title>
		By: backpackforever		</title>
		<link>/blog/2011/12/13/12-days-of-christmas-12-hostel-stories/#comment-130</link>

		<dc:creator><![CDATA[backpackforever]]></dc:creator>
		<pubDate>Tue, 13 Dec 2011 16:32:46 +0000</pubDate>
		<guid isPermaLink="false">/?p=1019#comment-130</guid>

					<description><![CDATA[Ewww...Number 9! --&#062; 12 Days of #Hostel Stories http://t.co/8LNuBeAe via @stefancarlton #heybackpacker]]></description>
			<content:encoded><![CDATA[<p>Ewww&#8230;Number 9! &#8211;&gt; 12 Days of #Hostel Stories <a href="http://t.co/8LNuBeAe" rel="nofollow ugc">http://t.co/8LNuBeAe</a> via @stefancarlton #heybackpacker</p>
]]></content:encoded>
		
			</item>
		<item>
		<title>
		By: Rob Davitt		</title>
		<link>/blog/2011/12/13/12-days-of-christmas-12-hostel-stories/#comment-132</link>

		<dc:creator><![CDATA[Rob Davitt]]></dc:creator>
		<pubDate>Tue, 13 Dec 2011 02:17:11 +0000</pubDate>
		<guid isPermaLink="false">/?p=1019#comment-132</guid>

					<description><![CDATA[Woohoo I made the list]]></description>
			<content:encoded><![CDATA[<p>Woohoo I made the list</p>
]]></content:encoded>
		
			</item>
		<item>
		<title>
		By: Ali Ramezanzadeh		</title>
		<link>/blog/2011/12/13/12-days-of-christmas-12-hostel-stories/#comment-131</link>

		<dc:creator><![CDATA[Ali Ramezanzadeh]]></dc:creator>
		<pubDate>Tue, 13 Dec 2011 02:17:11 +0000</pubDate>
		<guid isPermaLink="false">/?p=1019#comment-131</guid>

					<description><![CDATA[My favorite is #1]]></description>
			<content:encoded><![CDATA[<p>My favorite is #1</p>
]]></content:encoded>
		
			</item>
	</channel>
</rss>
