<?xml version="1.0" encoding="UTF-8"?><rss version="2.0"
	xmlns:content="http://purl.org/rss/1.0/modules/content/"
	xmlns:dc="http://purl.org/dc/elements/1.1/"
	xmlns:atom="http://www.w3.org/2005/Atom"
	xmlns:sy="http://purl.org/rss/1.0/modules/syndication/"
	xmlns:georss="http://www.georss.org/georss" 
	>
<channel>
	<title>
	Comments on: My RTW (Round The World) packing list	</title>
	<atom:link href="/blog/2011/04/29/my-rtw-packing-list/feed/" rel="self" type="application/rss+xml" />
	<link>/blog/2011/04/29/my-rtw-packing-list/</link>
	<description>my little place on the web</description>
	<lastBuildDate>Sun, 27 Sep 2020 05:57:45 +0000</lastBuildDate>
	<sy:updatePeriod>
	hourly	</sy:updatePeriod>
	<sy:updateFrequency>
	1	</sy:updateFrequency>
	<generator>https://wordpress.org/?v=6.2.2</generator>
	<item>
		<title>
		By: April Update: Horses and Disney World		</title>
		<link>/blog/2011/04/29/my-rtw-packing-list/#comment-2</link>

		<dc:creator><![CDATA[April Update: Horses and Disney World]]></dc:creator>
		<pubDate>Tue, 03 May 2011 15:02:05 +0000</pubDate>
		<guid isPermaLink="false">/?p=254#comment-2</guid>

					<description><![CDATA[[...] Trips on Public Transport.Stefan Carlton found our Gear Page useful in coming up with his RTW packing list.BootsnAll tackle the question of how much money do you really need to travel and link to our post [...]]]></description>
			<content:encoded><![CDATA[<p>[&#8230;] Trips on Public Transport.Stefan Carlton found our Gear Page useful in coming up with his RTW packing list.BootsnAll tackle the question of how much money do you really need to travel and link to our post [&#8230;]</p>
]]></content:encoded>
		
			</item>
	</channel>
</rss>
