<?xml version="1.0" encoding="UTF-8"?><rss version="2.0"
	xmlns:content="http://purl.org/rss/1.0/modules/content/"
	xmlns:dc="http://purl.org/dc/elements/1.1/"
	xmlns:atom="http://www.w3.org/2005/Atom"
	xmlns:sy="http://purl.org/rss/1.0/modules/syndication/"
	xmlns:georss="http://www.georss.org/georss" 
	>
<channel>
	<title>
	Comments on: Today, I&#8217;m hating travelling	</title>
	<atom:link href="/blog/2012/02/01/today-im-hating-travelling/feed/" rel="self" type="application/rss+xml" />
	<link>/blog/2012/02/01/today-im-hating-travelling/</link>
	<description>my little place on the web</description>
	<lastBuildDate>Sun, 27 Sep 2020 05:57:32 +0000</lastBuildDate>
	<sy:updatePeriod>
	hourly	</sy:updatePeriod>
	<sy:updateFrequency>
	1	</sy:updateFrequency>
	<generator>https://wordpress.org/?v=6.2.2</generator>
	<item>
		<title>
		By: HunterTongCom		</title>
		<link>/blog/2012/02/01/today-im-hating-travelling/#comment-215</link>

		<dc:creator><![CDATA[HunterTongCom]]></dc:creator>
		<pubDate>Wed, 01 Feb 2012 22:08:18 +0000</pubDate>
		<guid isPermaLink="false">/?p=1411#comment-215</guid>

					<description><![CDATA[@stefancarlton for the whole time that you&#039;re not in England you can have my car! (not allowed to sell it or let anyone else use it though)]]></description>
			<content:encoded><![CDATA[<p>@stefancarlton for the whole time that you&#8217;re not in England you can have my car! (not allowed to sell it or let anyone else use it though)</p>
]]></content:encoded>
		
			</item>
	</channel>
</rss>
