<?xml version="1.0" encoding="UTF-8"?><rss version="2.0"
	xmlns:content="http://purl.org/rss/1.0/modules/content/"
	xmlns:wfw="http://wellformedweb.org/CommentAPI/"
	xmlns:dc="http://purl.org/dc/elements/1.1/"
	xmlns:atom="http://www.w3.org/2005/Atom"
	xmlns:sy="http://purl.org/rss/1.0/modules/syndication/"
	xmlns:slash="http://purl.org/rss/1.0/modules/slash/"
	xmlns:georss="http://www.georss.org/georss" >

<channel>
	<title>journal &#8211; StefanCarlton.net</title>
	<atom:link href="/blog/tag/journal/feed/" rel="self" type="application/rss+xml" />
	<link>/</link>
	<description>my little place on the web</description>
	<lastBuildDate>Sun, 27 Sep 2020 05:57:45 +0000</lastBuildDate>
	<language>en-US</language>
	<sy:updatePeriod>
	hourly	</sy:updatePeriod>
	<sy:updateFrequency>
	1	</sy:updateFrequency>
	<generator>https://wordpress.org/?v=6.2.2</generator>
	<item>
		<title>Three months can change a man</title>
		<link>/blog/2011/07/30/three-months-can-change-a-man/</link>
		
		<dc:creator><![CDATA[Stefan]]></dc:creator>
		<pubDate>Sat, 30 Jul 2011 16:19:44 +0000</pubDate>
				<category><![CDATA[Journal]]></category>
		<category><![CDATA[Travel]]></category>
		<category><![CDATA[journal]]></category>
		<guid isPermaLink="false">/2011/travel/three-months-can-change-a-man/</guid>

					<description><![CDATA[The last three months have flown by. It seems like only yesterday that I was sitting in the hostel in Cusco scared and trying hard to “get it”. After phone calls, emails, blog posts, talking to people in the hostel over breakfast and then finally leaving for Puno, I did “get it” and I’m extremely [&#8230;]]]></description>
		
		
		
			</item>
		<item>
		<title>Scammed, it had to happen even though I was careful!</title>
		<link>/blog/2011/07/20/scammed-it-had-to-happen-even-though-i-was-careful/</link>
		
		<dc:creator><![CDATA[Stefan]]></dc:creator>
		<pubDate>Wed, 20 Jul 2011 02:23:13 +0000</pubDate>
				<category><![CDATA[Peru]]></category>
		<category><![CDATA[Travel]]></category>
		<category><![CDATA[journal]]></category>
		<category><![CDATA[traveller beware]]></category>
		<category><![CDATA[Trillijo]]></category>
		<guid isPermaLink="false">/?p=477</guid>

					<description><![CDATA[I read all the guide books. I read all the “danger you will die whilst travelling” information. I always split my monies up and never carried anything valuable with me. I did everything I could to be careful and I still managed to be scammed, lose £30 and have my mobile stolen. It was so [&#8230;]]]></description>
		
		
		
		<georss:point>-8.1120005 -79.0288010</georss:point>	</item>
		<item>
		<title>Paths that cross, and then diverge</title>
		<link>/blog/2011/07/05/paths-that-cross/</link>
		
		<dc:creator><![CDATA[Stefan]]></dc:creator>
		<pubDate>Tue, 05 Jul 2011 23:43:00 +0000</pubDate>
				<category><![CDATA[Travel]]></category>
		<category><![CDATA[friends]]></category>
		<category><![CDATA[journal]]></category>
		<category><![CDATA[problems]]></category>
		<guid isPermaLink="false">/?p=463</guid>

					<description><![CDATA[Before I left the UK lots of people gave me advice, from my grandmothers “don’t get married”, the more basic “don’t trust anyone” to the straight forward “things will go wrong but approach them with your best foot forward”. Potentially the best advice however came from one person &#8211; he said “Never say no” and [&#8230;]]]></description>
		
		
		
			</item>
		<item>
		<title>The travel Experience so far, 6 weeks in</title>
		<link>/blog/2011/06/23/the-travel-experience-so-far-6-weeks-in/</link>
		
		<dc:creator><![CDATA[Stefan]]></dc:creator>
		<pubDate>Thu, 23 Jun 2011 23:43:00 +0000</pubDate>
				<category><![CDATA[Journal]]></category>
		<category><![CDATA[Travel]]></category>
		<category><![CDATA[journal]]></category>
		<guid isPermaLink="false">/?p=393</guid>

					<description><![CDATA[My first month has come to an end and on my way I’ve had the opportunity to spend time with some fantastic people: I’ve been to some amazing places and seen some amazing things: I’ve written more prose than ever before (for this blog and emails). I’ve taken thousands of pictures (and rediscovered the joy [&#8230;]]]></description>
		
		
		
			</item>
		<item>
		<title>Travelling, it&#8217;s all about endurance</title>
		<link>/blog/2011/06/12/travelling-its-all-about-endurance/</link>
					<comments>/blog/2011/06/12/travelling-its-all-about-endurance/#comments</comments>
		
		<dc:creator><![CDATA[Stefan]]></dc:creator>
		<pubDate>Sun, 12 Jun 2011 03:37:00 +0000</pubDate>
				<category><![CDATA[Journal]]></category>
		<category><![CDATA[Travel]]></category>
		<category><![CDATA[journal]]></category>
		<guid isPermaLink="false">/?p=390</guid>

					<description><![CDATA[I’ve been travelling over a month now and have seen quite a transformation in myself. I always knew the first few days / weeks were to be tough and that there would be periods where I just wanted the security of home, but I wasn’t quite prepared just how tough the first fortnight would be. [&#8230;]]]></description>
		
					<wfw:commentRss>/blog/2011/06/12/travelling-its-all-about-endurance/feed/</wfw:commentRss>
			<slash:comments>1</slash:comments>
		
		
			</item>
		<item>
		<title>The ups and the downs continue</title>
		<link>/blog/2011/05/07/the-ups-and-the-downs-continue/</link>
					<comments>/blog/2011/05/07/the-ups-and-the-downs-continue/#comments</comments>
		
		<dc:creator><![CDATA[Stefan]]></dc:creator>
		<pubDate>Sat, 07 May 2011 17:30:01 +0000</pubDate>
				<category><![CDATA[Journal]]></category>
		<category><![CDATA[Travel]]></category>
		<category><![CDATA[journal]]></category>
		<guid isPermaLink="false">/travel/the-ups-and-the-downs-continue/</guid>

					<description><![CDATA[A couple of days ago I wrote an entry about how life on the road was proving tougher than imagined. A couple of days later I’ve got a slightly different perspective – it is tough, but there will be a lot fun to be had! At breakfast yesterday I chatted to a couple staying in [&#8230;]]]></description>
		
					<wfw:commentRss>/blog/2011/05/07/the-ups-and-the-downs-continue/feed/</wfw:commentRss>
			<slash:comments>3</slash:comments>
		
		
			</item>
		<item>
		<title>Travelling and the first days</title>
		<link>/blog/2011/05/06/travelling-and-the-first-days/</link>
		
		<dc:creator><![CDATA[Stefan]]></dc:creator>
		<pubDate>Fri, 06 May 2011 01:00:52 +0000</pubDate>
				<category><![CDATA[Journal]]></category>
		<category><![CDATA[Peru]]></category>
		<category><![CDATA[Travel]]></category>
		<category><![CDATA[cusco]]></category>
		<category><![CDATA[journal]]></category>
		<guid isPermaLink="false">/travel/travelling-and-the-first-days/</guid>

					<description><![CDATA[It’s been a strange few days – first of all a very long trip, which whilst with dramas went ok and then arrival in a foreign city. I’m not really sure what to think about it all to be honest. The first two flights were fine – I got to Madrid on the two BA [&#8230;]]]></description>
		
		
		
			</item>
		<item>
		<title>Departures eve, it&#8217;s an emotional old time</title>
		<link>/blog/2011/05/02/departures-eve-its-an-emotional-old-time/</link>
		
		<dc:creator><![CDATA[Stefan]]></dc:creator>
		<pubDate>Mon, 02 May 2011 21:01:46 +0000</pubDate>
				<category><![CDATA[Journal]]></category>
		<category><![CDATA[Travel]]></category>
		<category><![CDATA[journal]]></category>
		<guid isPermaLink="false">/uncategorized/departures-eve-its-an-emotional-old-time/</guid>

					<description><![CDATA[Hi, I’m Stefan. Tomorrow I leave the UK bound for Cuzco ready to start my Round The World trip. It’ll take 29 hours to get there, via three countries, four airports and two airlines. I’ve got my backs packed, the clothes I’m wearing to one side and a small list of things to check. Ultimately, [&#8230;]]]></description>
		
		
		
			</item>
		<item>
		<title>My RTW (Round The World) packing list</title>
		<link>/blog/2011/04/29/my-rtw-packing-list/</link>
					<comments>/blog/2011/04/29/my-rtw-packing-list/#comments</comments>
		
		<dc:creator><![CDATA[Stefan]]></dc:creator>
		<pubDate>Fri, 29 Apr 2011 19:21:06 +0000</pubDate>
				<category><![CDATA[Journal]]></category>
		<category><![CDATA[Travel]]></category>
		<category><![CDATA[clothes]]></category>
		<category><![CDATA[gadgets]]></category>
		<category><![CDATA[journal]]></category>
		<category><![CDATA[packing list]]></category>
		<guid isPermaLink="false">/?p=254</guid>

					<description><![CDATA[I decided very early on that I didn&#8217;t want to be someone who carried too much stuff.  Given that travelling was entirely new to me, I spent a lot of time working of other people&#8217;s lists, picking up tips where appropriate and built up my list. I still manage to carry a stupid amount of [&#8230;]]]></description>
		
					<wfw:commentRss>/blog/2011/04/29/my-rtw-packing-list/feed/</wfw:commentRss>
			<slash:comments>1</slash:comments>
		
		
			</item>
		<item>
		<title>Every story needs a beginning</title>
		<link>/blog/2011/04/27/every-story-needs-a-beginning/</link>
		
		<dc:creator><![CDATA[Stefan]]></dc:creator>
		<pubDate>Wed, 27 Apr 2011 21:33:15 +0000</pubDate>
				<category><![CDATA[Journal]]></category>
		<category><![CDATA[Travel]]></category>
		<category><![CDATA[journal]]></category>
		<guid isPermaLink="false">/?p=248</guid>

					<description><![CDATA[I&#8217;ve always hankered to see the wider world, but befriending someone who hailed from Egypt at Uni triggered a decade long itch. Whilst the desire to travel further afield was always there, I never thought I could do it. The confidence and desire has been building little by little over the years as I&#8217;ve met [&#8230;]]]></description>
		
		
		
			</item>
	</channel>
</rss>
