<?xml version="1.0" encoding="UTF-8"?><rss version="2.0"
	xmlns:content="http://purl.org/rss/1.0/modules/content/"
	xmlns:wfw="http://wellformedweb.org/CommentAPI/"
	xmlns:dc="http://purl.org/dc/elements/1.1/"
	xmlns:atom="http://www.w3.org/2005/Atom"
	xmlns:sy="http://purl.org/rss/1.0/modules/syndication/"
	xmlns:slash="http://purl.org/rss/1.0/modules/slash/"
	xmlns:georss="http://www.georss.org/georss" >

<channel>
	<title>gravity bolivia &#8211; StefanCarlton.net</title>
	<atom:link href="/blog/tag/gravity-bolivia/feed/" rel="self" type="application/rss+xml" />
	<link>/</link>
	<description>my little place on the web</description>
	<lastBuildDate>Sun, 27 Sep 2020 05:57:43 +0000</lastBuildDate>
	<language>en-US</language>
	<sy:updatePeriod>
	hourly	</sy:updatePeriod>
	<sy:updateFrequency>
	1	</sy:updateFrequency>
	<generator>https://wordpress.org/?v=6.2.2</generator>
	<item>
		<title>Mountain Biking in Sorata</title>
		<link>/blog/2011/05/27/mountain-biking-in-sorata/</link>
		
		<dc:creator><![CDATA[Stefan]]></dc:creator>
		<pubDate>Fri, 27 May 2011 03:42:00 +0000</pubDate>
				<category><![CDATA[Bolivia]]></category>
		<category><![CDATA[Travel]]></category>
		<category><![CDATA[gravity bolivia]]></category>
		<category><![CDATA[la paz]]></category>
		<category><![CDATA[sorata]]></category>
		<category><![CDATA[tour]]></category>
		<guid isPermaLink="false">/?p=343</guid>

					<description><![CDATA[There were a couple of things that I was really excited about when I was planning my RTW trip – the Inca Trail and doing some mountain biking out of La Paz. Most people tend to go for the Death Road, but this is just 60km of riding down a dirt road and is designed [&#8230;]]]></description>
		
		
		
		<georss:point>-15.7733335 -68.6480560</georss:point>	</item>
	</channel>
</rss>
