<?xml version="1.0" encoding="UTF-8"?><rss version="2.0"
	xmlns:content="http://purl.org/rss/1.0/modules/content/"
	xmlns:dc="http://purl.org/dc/elements/1.1/"
	xmlns:atom="http://www.w3.org/2005/Atom"
	xmlns:sy="http://purl.org/rss/1.0/modules/syndication/"
	xmlns:georss="http://www.georss.org/georss" 
	>
<channel>
	<title>
	Comments on: Las Vegas-To sin or not to sin	</title>
	<atom:link href="/blog/2011/11/01/las-vegas-to-sin-or-not-to-sin/feed/" rel="self" type="application/rss+xml" />
	<link>/blog/2011/11/01/las-vegas-to-sin-or-not-to-sin/</link>
	<description>my little place on the web</description>
	<lastBuildDate>Sun, 27 Sep 2020 05:57:37 +0000</lastBuildDate>
	<sy:updatePeriod>
	hourly	</sy:updatePeriod>
	<sy:updateFrequency>
	1	</sy:updateFrequency>
	<generator>https://wordpress.org/?v=6.2.2</generator>
	<item>
		<title>
		By: JoannaGlover		</title>
		<link>/blog/2011/11/01/las-vegas-to-sin-or-not-to-sin/#comment-108</link>

		<dc:creator><![CDATA[JoannaGlover]]></dc:creator>
		<pubDate>Tue, 15 Nov 2011 07:20:34 +0000</pubDate>
		<guid isPermaLink="false">/?p=854#comment-108</guid>

					<description><![CDATA[@stefancarlton Nice blog post - pretty damning though! Not a fan of Vegas then?]]></description>
			<content:encoded><![CDATA[<p>@stefancarlton Nice blog post &#8211; pretty damning though! Not a fan of Vegas then?</p>
]]></content:encoded>
		
			</item>
	</channel>
</rss>
